frame,target_boom,target_arm,target_bucket,target_swing,pred_boom,pred_arm,pred_bucket,pred_swing
0,-0.167028,0.158301,-0.336325,0.470740,nan,nan,nan,nan
1,-0.167377,0.159000,-0.336674,0.470644,nan,nan,nan,nan
2,-0.167203,0.158999,-0.337023,0.470740,nan,nan,nan,nan
3,-0.167203,0.158999,-0.337023,0.470549,nan,nan,nan,nan
4,-0.167028,0.158825,-0.337023,0.468248,nan,nan,nan,nan
5,-0.167203,0.158651,-0.337372,0.457222,nan,nan,nan,nan
6,-0.167726,0.158476,-0.337721,0.441211,nan,nan,nan,nan
7,-0.167901,0.158301,-0.337547,0.411682,-0.107738,0.120920,-0.259454,0.495976
8,-0.167552,0.158127,-0.337547,0.377935,-0.113676,0.124962,-0.261825,0.484915
9,-0.167726,0.157952,-0.337372,0.325971,-0.113169,0.123430,-0.269656,0.459274
10,-0.167726,0.157603,-0.337198,0.271323,-0.111440,0.130599,-0.275842,0.449848
11,-0.167552,0.157254,-0.336849,0.212073,-0.113697,0.130859,-0.275395,0.410819
12,-0.167377,0.157080,-0.336499,0.148317,-0.112068,0.124034,-0.278711,0.366179
13,-0.167377,0.156730,-0.336150,0.078712,-0.113219,0.117646,-0.278079,0.321826
14,-0.167377,0.156382,-0.335976,0.020805,-0.116304,0.112070,-0.272381,0.259611
15,-0.167377,0.156032,-0.335801,-0.043431,-0.116987,0.108822,-0.267588,0.173187
16,-0.167028,0.154985,-0.335452,-0.105365,-0.113145,0.098031,-0.265368,0.098256
17,-0.164585,0.149749,-0.336151,-0.165286,-0.121430,0.117223,-0.267319,-0.062987
18,-0.157778,0.134390,-0.335278,-0.217058,-0.088386,0.106391,-0.268247,-0.250243
19,-0.141023,0.102102,-0.334754,-0.281390,-0.072475,0.086774,-0.281098,-0.304321
20,-0.123395,0.069639,-0.334580,-0.326259,-0.060694,0.073810,-0.290255,-0.343125
21,-0.102276,0.033685,-0.334405,-0.368922,-0.046674,0.047697,-0.296537,-0.398921
22,-0.071384,-0.010647,-0.334230,-0.416668,-0.042629,0.035791,-0.298675,-0.439885
23,-0.041190,-0.049393,-0.334056,-0.455401,-0.031937,0.017904,-0.300278,-0.473853
24,-0.008552,-0.091455,-0.333707,-0.489819,-0.025125,-0.003481,-0.303632,-0.506101
25,0.027576,-0.136659,-0.333532,-0.520882,0.017214,-0.085755,-0.296051,-0.539007
26,0.057945,-0.175755,-0.334405,-0.540345,0.044784,-0.132336,-0.290234,-0.571959
27,0.090583,-0.219213,-0.333183,-0.561916,0.071239,-0.162562,-0.281082,-0.598825
28,0.124093,-0.262148,-0.333009,-0.578598,0.148130,-0.244092,-0.273684,-0.616181
29,0.157603,-0.304385,-0.333707,-0.592404,0.200184,-0.330799,-0.277456,-0.630868
30,0.190939,-0.347670,-0.333882,-0.604101,0.269518,-0.436177,-0.282286,-0.637983
31,0.220784,-0.388685,-0.332834,-0.613209,0.291427,-0.468851,-0.286388,-0.655507
32,0.257087,-0.438252,-0.334056,-0.622029,0.297973,-0.476707,-0.286095,-0.677368
33,0.289725,-0.487645,-0.332485,-0.627878,0.312558,-0.498231,-0.289534,-0.691273
34,0.322537,-0.536863,-0.332485,-0.632288,0.337909,-0.520464,-0.287392,-0.699046
35,0.355524,-0.587303,-0.332311,-0.635164,0.378813,-0.567889,-0.279352,-0.701641
36,0.385194,-0.633555,-0.332485,-0.637273,0.398080,-0.594043,-0.273214,-0.702997
37,0.423766,-0.691150,-0.332485,-0.639191,0.426224,-0.656200,-0.249427,-0.698804
38,0.446106,-0.714189,-0.332834,-0.640437,0.469582,-0.724420,-0.233728,-0.685681
39,0.471239,-0.720821,-0.330740,-0.641587,0.477145,-0.750703,-0.221564,-0.691711
40,0.494103,-0.718203,-0.333009,-0.642546,0.503907,-0.805864,-0.212817,-0.682813
41,0.508414,-0.716807,-0.335976,-0.642834,0.516717,-0.831565,-0.197813,-0.679327
42,0.518363,-0.716632,-0.346797,-0.643313,0.524056,-0.840063,-0.181192,-0.677063
43,0.513650,-0.701448,-0.338070,-0.642354,0.529883,-0.836269,-0.165042,-0.671971
44,0.508763,-0.689754,-0.309098,-0.644560,0.531947,-0.820851,-0.128162,-0.669302
45,0.501782,-0.683471,-0.258658,-0.645902,0.531707,-0.792089,-0.131822,-0.663014
46,0.495499,-0.680155,-0.212058,-0.645614,0.532843,-0.799097,-0.051309,-0.657863
47,0.487819,-0.679631,-0.157080,-0.645614,0.531319,-0.776925,0.053893,-0.651394
48,0.479966,-0.679980,-0.098088,-0.646381,0.530194,-0.761180,0.139775,-0.647479
49,0.473159,-0.680504,-0.042935,-0.646861,0.528208,-0.753872,0.175189,-0.647193
50,0.467050,-0.680329,0.019199,-0.647148,0.527910,-0.755487,0.131623,-0.649746
51,0.463734,-0.681551,0.080285,-0.645135,0.525036,-0.755436,0.136324,-0.650864
52,0.459720,-0.681726,0.131423,-0.645231,0.521831,-0.742885,0.139124,-0.652341
53,0.454309,-0.682424,0.197222,-0.645135,0.518532,-0.732380,0.198330,-0.652122
54,0.450120,-0.683471,0.249757,-0.644560,0.511521,-0.707990,0.262018,-0.653022
55,0.446106,-0.683820,0.299149,-0.643793,0.509530,-0.706772,0.288174,-0.654109
56,0.442615,-0.682947,0.339467,-0.642834,0.501768,-0.698529,0.351451,-0.656084
57,0.440521,-0.682598,0.363377,-0.639862,0.488308,-0.663079,0.402111,-0.659458
58,0.437729,-0.681377,0.393048,-0.638424,0.479608,-0.659790,0.471109,-0.659210
59,0.435111,-0.679282,0.419926,-0.638328,0.477112,-0.647776,0.487644,-0.660053
60,0.429875,-0.672999,0.458498,-0.638615,0.471598,-0.637405,0.508112,-0.662125
61,0.426035,-0.668112,0.486423,-0.637944,0.469621,-0.640368,0.533151,-0.661372
62,0.421672,-0.662702,0.517665,-0.638040,0.465833,-0.634733,0.551660,-0.661010
63,0.418181,-0.657466,0.547161,-0.638040,0.463813,-0.635923,0.583722,-0.659108
64,0.415388,-0.652928,0.573166,-0.638040,0.462336,-0.642541,0.609931,-0.657907
65,0.411723,-0.645597,0.609469,-0.637561,0.461178,-0.644650,0.636782,-0.655507
66,0.409978,-0.641059,0.632682,-0.637369,0.460075,-0.643078,0.647248,-0.654685
67,0.408233,-0.636696,0.667239,-0.637369,0.457852,-0.643212,0.688550,-0.653953
68,0.407185,-0.633729,0.700575,-0.637081,0.455302,-0.644201,0.720849,-0.653116
69,0.406487,-0.632856,0.742638,-0.636890,0.452520,-0.640860,0.746415,-0.653208
70,0.406487,-0.632682,0.787842,-0.636027,0.451799,-0.642356,0.771063,-0.651600
71,0.407011,-0.630064,0.836362,-0.635452,0.449786,-0.639684,0.803608,-0.651312
72,0.406836,-0.622035,0.860622,-0.634205,0.448886,-0.640234,0.836149,-0.651013
73,0.405789,-0.612960,0.882438,-0.633630,0.446051,-0.636678,0.865905,-0.652224
74,0.402473,-0.601440,0.906524,-0.633151,0.443142,-0.634212,0.903535,-0.652423
75,0.400029,-0.587652,0.927294,-0.632192,0.440384,-0.628892,0.949894,-0.651695
76,0.398633,-0.572817,0.954171,-0.631137,0.439217,-0.621985,0.993038,-0.650587
77,0.399157,-0.558680,0.977734,-0.630945,0.438485,-0.620358,1.044772,-0.649469
78,0.400728,-0.544543,0.998154,-0.632288,0.438382,-0.590338,1.095583,-0.647177
79,0.400379,-0.529882,1.017003,-0.632863,0.437764,-0.567853,1.124150,-0.646210
80,0.400204,-0.513651,1.043183,-0.633534,0.436457,-0.542121,1.121451,-0.645608
81,0.399680,-0.501084,1.055226,-0.633438,0.434900,-0.507005,1.114340,-0.645039
82,0.399331,-0.481885,1.084373,-0.633822,0.432710,-0.485506,1.118518,-0.645024
83,0.400553,-0.462512,1.113694,-0.634685,0.431961,-0.462862,1.121209,-0.644735
84,0.400204,-0.439648,1.129402,-0.635643,0.431342,-0.439741,1.125173,-0.645044
85,0.398284,-0.418530,1.132719,-0.635739,0.430667,-0.418392,1.142072,-0.645712
86,0.396190,-0.398982,1.134988,-0.635739,0.430258,-0.412183,1.150649,-0.646574
87,0.394619,-0.384496,1.139875,-0.635835,0.428479,-0.377231,1.152347,-0.647388
88,0.393397,-0.371930,1.165007,-0.636123,0.429677,-0.370452,1.184739,-0.647905
89,0.392175,-0.360760,1.187697,-0.635931,0.426818,-0.326981,1.206558,-0.647285
90,0.391477,-0.350462,1.225745,-0.634972,0.425935,-0.308952,1.251238,-0.648743
91,0.392175,-0.346971,1.276534,-0.635164,0.424952,-0.306928,1.290676,-0.650419
92,0.393921,-0.344005,1.347220,-0.636506,0.423325,-0.289959,1.348426,-0.652667
93,0.396015,-0.341910,1.429425,-0.637177,0.421605,-0.253364,1.392183,-0.654532
94,0.397761,-0.338768,1.525069,-0.637369,0.418328,-0.259139,1.639112,-0.660341
95,0.397761,-0.332660,1.606227,-0.637369,0.414921,-0.257956,1.719950,-0.662260
96,0.397761,-0.330914,1.706059,-0.637465,0.412218,-0.254565,1.760683,-0.663012
97,0.397062,-0.331089,1.805543,-0.637848,0.410783,-0.286997,1.832152,-0.663745
98,0.395492,-0.330740,1.901013,-0.637753,0.407809,-0.280903,1.888452,-0.664763
99,0.392699,-0.330740,1.964194,-0.637369,0.401040,-0.279688,1.976440,-0.665661
100,0.386067,-0.331787,2.022662,-0.637369,0.397174,-0.288759,2.017276,-0.665767
101,0.377340,-0.330391,2.079909,-0.637177,0.392650,-0.301158,2.049842,-0.664745
102,0.368614,-0.330740,2.125636,-0.636890,0.388059,-0.296330,2.063736,-0.665529
103,0.357967,-0.331612,2.174680,-0.636794,0.379824,-0.299202,2.092155,-0.664576
104,0.345750,-0.331612,2.189166,-0.636410,0.368079,-0.300974,2.122390,-0.664139
105,0.333183,-0.330740,2.188643,-0.636506,0.357064,-0.304912,2.136215,-0.663435
106,0.319744,-0.329169,2.188294,-0.636314,0.343624,-0.323659,2.146542,-0.662731
107,0.305258,-0.327075,2.187247,-0.636027,0.331343,-0.323612,2.150669,-0.662931
108,0.289899,-0.326377,2.189167,-0.636123,0.320598,-0.320110,2.151182,-0.662283
109,0.275762,-0.324631,2.189515,-0.636027,0.307075,-0.354357,2.159134,-0.660046
110,0.264243,-0.322013,2.188992,-0.634013,0.295622,-0.343354,2.160223,-0.658913
111,0.254643,-0.318872,2.189341,-0.630658,0.285069,-0.334605,2.161866,-0.657937
112,0.244870,-0.316254,2.189167,-0.626344,0.273041,-0.325054,2.163941,-0.655421
113,0.235270,-0.314508,2.188643,-0.618865,0.259583,-0.300542,2.162659,-0.651872
114,0.225671,-0.312938,2.188643,-0.610333,0.242848,-0.283668,2.163305,-0.644820
115,0.217293,-0.312414,2.188643,-0.601320,0.226833,-0.275602,2.162633,-0.636796
116,0.208218,-0.312414,2.188818,-0.589336,0.210791,-0.275222,2.164376,-0.627205
117,0.199142,-0.312937,2.189690,-0.576777,0.182864,-0.289197,2.166273,-0.612367
118,0.190241,-0.312763,2.189690,-0.562587,0.171166,-0.299476,2.167248,-0.601892
119,0.180467,-0.311716,2.189690,-0.547535,0.168513,-0.303522,2.164049,-0.594204
120,0.171740,-0.311541,2.188992,-0.530182,0.168074,-0.305126,2.160472,-0.586031
121,0.163886,-0.311367,2.189167,-0.515130,0.167027,-0.317100,2.164252,-0.571897
122,0.155334,-0.311890,2.190039,-0.497969,0.165164,-0.323495,2.167657,-0.558384
123,0.147655,-0.311716,2.190039,-0.481958,0.163361,-0.327740,2.171719,-0.543333
124,0.138405,-0.311367,2.190213,-0.461728,0.160138,-0.324272,2.172422,-0.528276
125,0.130202,-0.311192,2.190214,-0.443033,0.157260,-0.320752,2.172972,-0.507952
126,0.121999,-0.311018,2.190213,-0.423762,0.147709,-0.318697,2.173492,-0.485720
127,0.113621,-0.310494,2.190214,-0.404396,0.131475,-0.313197,2.174801,-0.459049
128,0.104720,-0.309621,2.190388,-0.382536,0.125514,-0.312165,2.175129,-0.436426
129,0.096517,-0.309272,2.189690,-0.362691,0.116270,-0.307523,2.174141,-0.410304
130,0.089186,-0.309621,2.190388,-0.344283,0.108568,-0.302830,2.174679,-0.383395
131,0.080634,-0.308923,2.189865,-0.320890,0.100432,-0.301360,2.174993,-0.358551
132,0.073827,-0.308749,2.189865,-0.300468,0.098157,-0.304847,2.175880,-0.334808
133,0.066322,-0.309098,2.190737,-0.276788,0.096687,-0.320319,2.175639,-0.316106
134,0.058643,-0.307876,2.190737,-0.253970,0.090399,-0.324754,2.175362,-0.294016
135,0.050440,-0.307701,2.190039,-0.221660,0.081027,-0.328108,2.175303,-0.263983
136,0.043808,-0.307702,2.190214,-0.196062,0.064265,-0.329199,2.175766,-0.221932
137,0.036652,-0.307352,2.190214,-0.166437,0.044756,-0.331348,2.176780,-0.175173
138,0.029496,-0.307527,2.190912,-0.135278,0.030498,-0.322302,2.174424,-0.140662
139,0.022515,-0.307178,2.190912,-0.102585,0.019429,-0.309677,2.174495,-0.098260
140,0.015533,-0.306305,2.190388,-0.072001,0.011677,-0.306390,2.174339,-0.061021
141,0.007505,-0.306305,2.190737,-0.028570,0.000523,-0.295749,2.172532,-0.012890
142,0.000698,-0.305956,2.190737,0.005273,-0.005223,-0.295015,2.172136,0.021940
143,-0.006981,-0.305782,2.191610,0.043718,-0.013679,-0.296626,2.171864,0.061600
144,-0.012915,-0.306131,2.191785,0.083218,-0.022239,-0.298247,2.173331,0.099315
145,-0.018151,-0.305782,2.191959,0.119075,-0.030345,-0.286016,2.174818,0.137533
146,-0.023911,-0.304909,2.191959,0.159342,-0.036032,-0.286539,2.175031,0.178422
147,-0.028274,-0.305258,2.192134,0.203444,-0.038435,-0.312469,2.175022,0.215426
148,-0.032638,-0.304734,2.192308,0.244095,-0.041379,-0.316708,2.174746,0.250556
149,-0.035605,-0.304735,2.192134,0.284170,-0.041541,-0.322601,2.176315,0.281337
150,-0.038746,-0.304734,2.192308,0.322328,-0.045564,-0.343922,2.176400,0.340762
151,-0.041364,-0.304909,2.192308,0.356267,-0.050433,-0.346242,2.174706,0.384776
152,-0.045728,-0.304211,2.181836,0.398164,-0.048591,-0.361998,2.166040,0.470439
153,-0.051138,-0.304211,2.122146,0.423858,-0.041243,-0.370097,2.102539,0.508370
154,-0.056898,-0.304560,1.996657,0.448402,-0.044584,-0.376082,2.022327,0.537501
155,-0.059341,-0.304036,1.844813,0.464988,-0.042480,-0.366096,1.889425,0.554611
156,-0.058643,-0.304036,1.694540,0.475630,-0.040116,-0.360519,1.744060,0.569911
157,-0.057945,-0.303862,1.555089,0.481191,-0.042637,-0.351323,1.550071,0.576727
158,-0.058992,-0.303513,1.455081,0.482533,-0.044923,-0.337527,1.394938,0.586721
159,-0.060737,-0.303164,1.365546,0.481862,-0.044946,-0.325131,1.290289,0.589949
160,-0.062483,-0.299673,1.292591,0.480232,-0.050543,-0.316584,1.181819,0.595007
161,-0.064403,-0.291470,1.224698,0.478027,-0.053004,-0.313541,1.089196,0.598793
162,-0.066672,-0.277158,1.159597,0.477260,-0.051559,-0.302789,0.993663,0.591673
163,-0.069464,-0.263196,1.087864,0.476876,-0.051228,-0.304911,0.957955,0.591805
164,-0.072606,-0.251502,1.030093,0.476972,-0.046353,-0.298754,0.928146,0.585438
165,-0.077493,-0.239285,0.967610,0.477452,-0.047479,-0.296480,0.884595,0.585044
166,-0.083427,-0.227242,0.907047,0.478602,-0.048879,-0.290074,0.825153,0.582355
167,-0.089186,-0.214675,0.845612,0.480136,-0.050078,-0.277442,0.769474,0.579502
168,-0.095120,-0.201586,0.783478,0.481574,-0.050100,-0.258424,0.721819,0.580236
169,-0.099135,-0.189543,0.724137,0.482629,-0.055454,-0.234708,0.686793,0.581430
170,-0.103847,-0.171217,0.642805,0.484163,-0.062405,-0.204292,0.644882,0.582731
171,-0.105941,-0.152716,0.572643,0.485026,-0.069689,-0.151966,0.564625,0.584379
172,-0.106465,-0.128107,0.492357,0.485121,-0.074785,-0.115413,0.492680,0.584803
173,-0.105767,-0.096691,0.416610,0.485026,-0.081233,-0.080953,0.393076,0.584000
174,-0.105418,-0.067544,0.343830,0.484738,-0.086110,-0.059521,0.379310,0.586470
175,-0.105941,-0.042412,0.268257,0.483875,-0.093401,-0.029683,0.261071,0.579159
176,-0.106291,-0.026005,0.192684,0.483396,-0.099969,-0.013276,0.197213,0.571996
177,-0.106640,-0.013265,0.108909,0.480999,-0.104489,-0.005625,0.153753,0.564597
178,-0.106640,-0.007330,0.049044,0.478602,-0.109304,0.000736,0.088469,0.550938
179,-0.106640,-0.002792,-0.053756,0.472274,-0.108433,0.000312,0.037281,0.557000
180,-0.106989,-0.000873,-0.137706,0.462303,-0.108185,0.001460,-0.038301,0.548556
181,-0.107861,-0.000873,-0.193557,0.447347,-0.105725,0.012879,-0.111176,0.529036
182,-0.108385,-0.000175,-0.203505,0.417435,-0.105076,0.017422,-0.156993,0.511287
183,-0.106814,0.000349,-0.203505,0.381194,-0.104634,0.022841,-0.179980,0.490817
184,-0.107338,0.000174,-0.203505,0.336709,-0.106138,0.020517,-0.187380,0.468740
185,-0.108036,-0.000175,-0.203505,0.278513,-0.108183,0.023547,-0.195274,0.460773
186,-0.107512,-0.000175,-0.203156,0.232782,-0.110389,0.021222,-0.199025,0.423426
187,-0.107163,-0.000349,-0.202807,0.166629,-0.107078,0.014620,-0.209906,0.374972
188,-0.107512,-0.001745,-0.202633,0.105557,-0.104924,0.017347,-0.218805,0.321761
189,-0.104894,-0.007330,-0.202458,0.046307,-0.107732,0.018599,-0.219512,0.275596
190,-0.097040,-0.020071,-0.203505,-0.003931,-0.101147,0.016584,-0.215683,0.200639
191,-0.077842,-0.049567,-0.202982,-0.060209,-0.092462,0.000646,-0.213286,0.125885
192,-0.050964,-0.082728,-0.202284,-0.107187,-0.103165,0.008813,-0.217012,-0.012332
193,-0.017802,-0.118333,-0.201760,-0.148988,-0.067915,-0.017272,-0.218352,-0.135969
194,0.019373,-0.155683,-0.201062,-0.186666,-0.019046,-0.064294,-0.208336,-0.270909
195,0.060039,-0.196873,-0.201062,-0.220797,0.009389,-0.095266,-0.220475,-0.312377
196,0.090059,-0.228289,-0.200887,-0.248601,0.038823,-0.114293,-0.207544,-0.340243
197,0.130900,-0.272271,-0.200538,-0.279184,0.119988,-0.191086,-0.203943,-0.349465
198,0.171391,-0.316079,-0.200538,-0.304112,0.173437,-0.248746,-0.225974,-0.369238
199,0.205425,-0.353080,-0.200713,-0.326163,0.211705,-0.310483,-0.232799,-0.382411
200,0.248709,-0.398808,-0.200888,-0.345050,0.234008,-0.349345,-0.246601,-0.409789
201,0.280649,-0.433540,-0.200713,-0.360390,0.247882,-0.398228,-0.258895,-0.448523
202,0.323759,-0.482409,-0.201236,-0.372278,0.293990,-0.478682,-0.265297,-0.469601
203,0.360934,-0.529358,-0.200538,-0.381002,0.339893,-0.533358,-0.232528,-0.479125
204,0.392350,-0.571421,-0.200189,-0.386851,0.370470,-0.563792,-0.235277,-0.484291
205,0.427257,-0.616450,-0.200364,-0.392124,0.424805,-0.623200,-0.237431,-0.456392
206,0.455356,-0.641932,-0.194430,-0.396246,0.444920,-0.636766,-0.211879,-0.452198
207,0.467225,-0.656418,-0.170519,-0.398452,0.468426,-0.674204,-0.204075,-0.446271
208,0.463385,-0.660956,-0.112399,-0.400465,0.479507,-0.688789,-0.174616,-0.440799
209,0.459371,-0.662004,-0.060737,-0.399506,0.480906,-0.675017,-0.152191,-0.440438
210,0.453960,-0.661829,0.014661,-0.401519,0.483636,-0.671105,-0.113782,-0.438883
211,0.454135,-0.664272,0.083601,-0.402095,0.487178,-0.677793,-0.137573,-0.437536
212,0.450819,-0.665320,0.141197,-0.401615,0.490091,-0.691386,-0.053733,-0.437798
213,0.447852,-0.666367,0.189194,-0.402382,0.486676,-0.682366,0.076786,-0.436624
214,0.445583,-0.667937,0.242252,-0.402862,0.483906,-0.672188,0.150067,-0.434645
215,0.443837,-0.668985,0.282394,-0.403245,0.480590,-0.663492,0.200747,-0.434627
216,0.441394,-0.669683,0.333532,-0.404012,0.475799,-0.648532,0.243792,-0.437579
217,0.440172,-0.670381,0.367043,-0.404875,0.473036,-0.628855,0.290436,-0.436397
218,0.438776,-0.670556,0.412072,-0.405738,0.467462,-0.615310,0.361269,-0.437163
219,0.438078,-0.668985,0.455531,-0.406313,0.462847,-0.612454,0.427254,-0.438498
220,0.439299,-0.668112,0.494103,-0.407943,0.460617,-0.629324,0.513316,-0.437997
221,0.438252,-0.668287,0.537736,-0.407080,0.462271,-0.633963,0.555799,-0.440172
222,0.436856,-0.668287,0.581020,-0.408039,0.461215,-0.647362,0.663553,-0.438191
223,0.436507,-0.668461,0.624479,-0.408614,0.460304,-0.645582,0.710858,-0.438636
224,0.436332,-0.668461,0.666367,-0.408902,0.459712,-0.650515,0.765822,-0.438193
225,0.435634,-0.667414,0.698656,-0.408998,0.459144,-0.664189,0.804395,-0.437466
226,0.434762,-0.666192,0.746303,-0.409381,0.454390,-0.644125,0.821174,-0.437785
227,0.433889,-0.664621,0.789064,-0.409573,0.453392,-0.634712,0.835305,-0.438075
228,0.433714,-0.663923,0.833569,-0.410052,0.452908,-0.630238,0.862818,-0.437859
229,0.433365,-0.662876,0.864811,-0.410627,0.451971,-0.627746,0.897266,-0.437999
230,0.432493,-0.657116,0.914378,-0.411107,0.451580,-0.618690,0.908504,-0.437916
231,0.431271,-0.646645,0.953299,-0.411299,0.450226,-0.613058,0.972877,-0.437509
232,0.430398,-0.635649,0.986460,-0.411490,0.449260,-0.604387,0.998916,-0.435741
233,0.429875,-0.622559,1.017353,-0.411586,0.448666,-0.586069,1.005249,-0.436303
234,0.428304,-0.607898,1.045801,-0.411107,0.448485,-0.585706,1.034428,-0.437556
235,0.425686,-0.591667,1.070061,-0.411394,0.449732,-0.580250,1.071331,-0.437967
236,0.423766,-0.575610,1.086991,-0.411490,0.449215,-0.567112,1.111390,-0.439212
237,0.420101,-0.558505,1.092052,-0.411299,0.447181,-0.537128,1.167447,-0.440575
238,0.415912,-0.538085,1.108982,-0.411299,0.444628,-0.509344,1.165802,-0.441307
239,0.414690,-0.516094,1.139351,-0.411011,0.443084,-0.481461,1.138261,-0.441107
240,0.414865,-0.505273,1.157328,-0.410819,0.441711,-0.464296,1.138067,-0.441228
241,0.414690,-0.486598,1.174432,-0.410819,0.440736,-0.458040,1.151213,-0.441563
242,0.413992,-0.467574,1.197296,-0.410436,0.439999,-0.452451,1.166360,-0.442000
243,0.413119,-0.450993,1.218066,-0.410532,0.438733,-0.445653,1.180040,-0.442227
244,0.411898,-0.436158,1.243722,-0.409860,0.435968,-0.433307,1.170863,-0.441604
245,0.410501,-0.424115,1.274265,-0.410148,0.434709,-0.410392,1.236815,-0.442122
246,0.411374,-0.418879,1.336398,-0.409573,0.433576,-0.382648,1.256557,-0.441764
247,0.411374,-0.416436,1.388933,-0.409669,0.434462,-0.388929,1.300123,-0.442611
248,0.412247,-0.413818,1.479516,-0.409381,0.433507,-0.370840,1.331182,-0.443537
249,0.414341,-0.412770,1.581268,-0.409477,0.432104,-0.359432,1.443842,-0.446046
250,0.416087,-0.411025,1.674469,-0.409381,0.426143,-0.352124,1.593041,-0.449768
251,0.418704,-0.404393,1.795769,-0.409285,0.417728,-0.348817,1.788543,-0.451674
252,0.420973,-0.397586,1.927192,-0.408518,0.408207,-0.346794,1.931681,-0.451845
253,0.419054,-0.396364,2.016030,-0.408039,0.404972,-0.357084,1.979672,-0.450967
254,0.415912,-0.397062,2.082701,-0.407847,0.398827,-0.367320,2.048142,-0.449847
255,0.414167,-0.392699,2.144835,-0.407943,0.388634,-0.366388,2.111068,-0.447535
256,0.408407,-0.384496,2.186723,-0.408039,0.384309,-0.405200,2.131234,-0.443744
257,0.395143,-0.378737,2.190737,-0.407655,0.380420,-0.426413,2.147948,-0.441887
258,0.379435,-0.377340,2.191610,-0.407655,0.379411,-0.407513,2.154140,-0.442453
259,0.363901,-0.373326,2.192308,-0.407560,0.375688,-0.404087,2.157519,-0.443610
260,0.350986,-0.367916,2.192134,-0.407751,0.369215,-0.404089,2.162979,-0.444324
261,0.334580,-0.360411,2.191086,-0.407655,0.364120,-0.392210,2.164206,-0.446066
262,0.320093,-0.354302,2.191959,-0.407655,0.355753,-0.391269,2.158015,-0.449422
263,0.308051,-0.350288,2.192134,-0.407560,0.346745,-0.388734,2.158275,-0.451329
264,0.290248,-0.342434,2.191435,-0.407464,0.334341,-0.381986,2.159272,-0.454505
265,0.276984,-0.336849,2.191261,-0.407464,0.309757,-0.352557,2.158632,-0.458175
266,0.261101,-0.332136,2.192133,-0.407464,0.292808,-0.357598,2.157991,-0.457164
267,0.247837,-0.331787,2.191959,-0.407464,0.283526,-0.354685,2.161119,-0.454422
268,0.234398,-0.330915,2.192134,-0.407464,0.273018,-0.341044,2.161099,-0.452720
269,0.217293,-0.329344,2.192308,-0.407464,0.256176,-0.331802,2.166534,-0.445030
270,0.202109,-0.327598,2.192308,-0.407560,0.235402,-0.320704,2.172463,-0.436743
271,0.187623,-0.328820,2.192133,-0.407751,0.208672,-0.322248,2.171475,-0.426529
272,0.171740,-0.327249,2.190912,-0.407751,0.188179,-0.314392,2.169729,-0.417409
273,0.159523,-0.327424,2.191610,-0.406793,0.170796,-0.312568,2.170219,-0.407560
274,0.147655,-0.327249,2.191785,-0.404204,0.163022,-0.320364,2.169154,-0.402949
275,0.137706,-0.327773,2.192657,-0.400657,0.160452,-0.320468,2.165998,-0.400033
276,0.127758,-0.327249,2.192482,-0.393466,0.157419,-0.321660,2.163525,-0.395582
277,0.119380,-0.327075,2.192657,-0.385509,0.155549,-0.319099,2.159880,-0.390940
278,0.109781,-0.326028,2.191785,-0.374483,0.150317,-0.316454,2.157599,-0.384122
279,0.100182,-0.326900,2.192832,-0.360869,0.142375,-0.316789,2.154867,-0.373040
280,0.090932,-0.326551,2.192832,-0.345050,0.131016,-0.309436,2.152230,-0.356979
281,0.082205,-0.326377,2.192832,-0.326546,0.115269,-0.301267,2.150875,-0.338176
282,0.073129,-0.326027,2.192832,-0.305262,0.100895,-0.284517,2.149743,-0.321732
283,0.061785,-0.324806,2.192657,-0.278513,0.091667,-0.286332,2.151099,-0.305119
284,0.052360,-0.324631,2.193006,-0.253682,0.087366,-0.298441,2.155478,-0.288381
285,0.041539,-0.324631,2.192308,-0.223482,0.085597,-0.309394,2.157325,-0.274512
286,0.031939,-0.325155,2.193530,-0.190405,0.074508,-0.328064,2.158310,-0.245300
287,0.021642,-0.324107,2.193530,-0.155220,0.048565,-0.319398,2.158967,-0.197811
288,0.013788,-0.324806,2.193704,-0.117733,0.035347,-0.316170,2.155680,-0.154266
289,0.005760,-0.324457,2.193704,-0.078808,0.017492,-0.316758,2.154377,-0.100731
290,-0.001745,-0.324282,2.193879,-0.038254,0.009062,-0.317771,2.153450,-0.053984
291,-0.008552,-0.323933,2.193879,0.003547,-0.002538,-0.318431,2.153579,-0.004012
292,-0.014835,-0.322886,2.193355,0.046115,-0.015336,-0.315622,2.152504,0.046274
293,-0.020246,-0.323235,2.194053,0.088971,-0.026248,-0.311313,2.152037,0.095910
294,-0.025307,-0.322886,2.194053,0.132306,-0.030823,-0.311639,2.154240,0.140751
295,-0.029671,-0.322886,2.194402,0.175449,-0.038296,-0.286826,2.157323,0.186951
296,-0.034034,-0.322188,2.194228,0.219072,-0.041501,-0.295947,2.163368,0.225419
297,-0.036652,-0.322188,2.194577,0.257421,-0.044103,-0.296510,2.164089,0.264301
298,-0.038397,-0.322013,2.194752,0.305070,-0.045299,-0.308569,2.166183,0.299336
299,-0.038921,-0.321664,2.194402,0.347063,-0.050060,-0.313852,2.163827,0.343525
300,-0.039270,-0.321490,2.194228,0.387043,-0.054850,-0.336817,2.159207,0.420988
301,-0.039968,-0.320792,2.190737,0.421749,-0.051504,-0.353580,2.143595,0.498210
302,-0.042761,-0.319046,2.133491,0.460482,-0.054439,-0.355691,2.112952,0.538518
303,-0.044855,-0.319221,2.021091,0.489819,-0.052546,-0.350117,2.065721,0.561944
304,-0.043982,-0.318522,1.873262,0.515418,-0.053107,-0.361673,1.909155,0.580905
305,-0.043459,-0.318174,1.745678,0.534401,-0.050643,-0.359495,1.669822,0.590731
306,-0.043982,-0.318522,1.624378,0.547535,-0.050561,-0.343457,1.420413,0.603913
307,-0.045204,-0.317650,1.499412,0.559424,-0.055929,-0.326112,1.277469,0.619327
308,-0.046077,-0.313287,1.400801,0.567285,-0.059585,-0.321676,1.178482,0.634890
309,-0.046251,-0.306305,1.311615,0.572942,-0.065638,-0.312725,1.127438,0.648677
310,-0.045728,-0.295310,1.234297,0.577352,-0.069494,-0.301749,1.058558,0.657333
311,-0.046077,-0.281522,1.159946,0.581762,-0.074264,-0.301088,0.954621,0.663421
312,-0.046600,-0.267559,1.092925,0.585310,-0.078483,-0.272777,0.884055,0.670809
313,-0.046949,-0.254469,1.022588,0.588569,-0.082472,-0.266676,0.890870,0.678952
314,-0.047473,-0.241728,0.957313,0.591829,-0.086984,-0.265871,0.906420,0.690904
315,-0.047997,-0.231082,0.894132,0.594705,-0.090344,-0.262623,0.889333,0.698399
316,-0.049044,-0.223053,0.826064,0.597869,-0.092108,-0.255826,0.851263,0.698737
317,-0.050964,-0.215897,0.769865,0.600458,-0.094243,-0.232087,0.793817,0.700364
318,-0.054629,-0.208567,0.705113,0.603430,-0.097471,-0.220265,0.735624,0.702919
319,-0.059516,-0.201760,0.647343,0.605347,-0.098447,-0.212323,0.693969,0.704846
320,-0.065101,-0.195477,0.596379,0.606402,-0.100343,-0.198995,0.616443,0.705961
321,-0.073653,-0.187448,0.532675,0.606594,-0.102287,-0.171213,0.521794,0.705184
322,-0.082205,-0.181165,0.475951,0.606306,-0.101502,-0.135606,0.382108,0.698721
323,-0.092328,-0.173311,0.400029,0.604964,-0.102867,-0.126868,0.336714,0.695974
324,-0.098437,-0.167552,0.343655,0.603909,-0.104436,-0.118695,0.279928,0.694151
325,-0.103673,-0.159698,0.264243,0.602279,-0.104762,-0.114728,0.244739,0.696569
326,-0.104720,-0.152716,0.184307,0.598348,-0.105795,-0.122088,0.227089,0.691933
327,-0.104371,-0.145735,0.110828,0.593651,-0.108724,-0.113936,0.169423,0.687891
328,-0.104371,-0.140150,0.047647,0.587227,-0.110249,-0.119407,0.147368,0.683315
329,-0.105069,-0.134914,-0.004189,0.576489,-0.112329,-0.115067,0.075513,0.674086
330,-0.105767,-0.130900,-0.032638,0.556739,-0.114082,-0.102673,-0.002788,0.665975
331,-0.105592,-0.125664,-0.035081,0.535263,-0.117053,-0.101626,-0.045292,0.659167
332,-0.105069,-0.120079,-0.034907,0.498064,-0.116298,-0.097940,-0.080787,0.645324
333,-0.105418,-0.117112,-0.034732,0.461920,-0.111633,-0.115319,-0.089694,0.617286
334,-0.105941,-0.114843,-0.034383,0.408135,-0.113075,-0.108368,-0.106881,0.586486
335,-0.105592,-0.113446,-0.034383,0.353487,-0.110893,-0.107379,-0.110312,0.560768
336,-0.105767,-0.112399,-0.034034,0.285992,-0.112123,-0.094227,-0.124632,0.528838
337,-0.106116,-0.112225,-0.033859,0.240260,-0.107157,-0.092768,-0.126132,0.514649
338,-0.106116,-0.112574,-0.033510,0.158000,-0.105614,-0.098743,-0.124431,0.440791
339,-0.106291,-0.112748,-0.033161,0.080055,-0.099816,-0.102001,-0.125391,0.377180
340,-0.106291,-0.113097,-0.033161,0.015340,-0.087448,-0.103416,-0.122403,0.318287
341,-0.105069,-0.113795,-0.032638,-0.064235,-0.078614,-0.091013,-0.123646,0.238141
342,-0.101229,-0.113795,-0.032812,-0.128279,-0.071245,-0.091026,-0.125224,0.163257
343,-0.090059,-0.115541,-0.031416,-0.190501,-0.059669,-0.092731,-0.126710,0.088385
344,-0.067021,-0.118159,-0.032812,-0.264324,-0.058398,-0.100017,-0.104674,-0.082939
345,-0.040841,-0.129678,-0.031591,-0.321369,-0.013102,-0.127619,-0.082204,-0.319068
346,-0.004014,-0.155334,-0.030194,-0.386659,0.003479,-0.140857,-0.065267,-0.371211
347,0.028274,-0.182212,-0.030718,-0.441211,0.024730,-0.157359,-0.038143,-0.410594
348,0.059690,-0.212581,-0.030892,-0.491641,0.043123,-0.175840,-0.025270,-0.459189
349,0.087092,-0.241554,-0.031067,-0.532771,0.074788,-0.214082,-0.013368,-0.500395
350,0.117810,-0.277333,-0.030718,-0.574668,0.123203,-0.257669,-0.003489,-0.536220
351,0.154636,-0.321839,-0.031765,-0.615702,0.149229,-0.281590,-0.002543,-0.575762
352,0.182387,-0.358491,-0.030892,-0.648778,0.229653,-0.396766,0.003455,-0.597221
353,0.216246,-0.402298,-0.032114,-0.677253,0.263638,-0.440304,0.011255,-0.622760
354,0.246441,-0.444535,-0.031067,-0.705056,0.282514,-0.462750,-0.026924,-0.654284
355,0.276460,-0.485376,-0.032114,-0.724614,0.292804,-0.477582,-0.052424,-0.679898
356,0.306131,-0.528486,-0.032463,-0.745515,0.341011,-0.532617,-0.039527,-0.706076
357,0.332660,-0.570548,-0.030892,-0.759896,0.373843,-0.582992,-0.046226,-0.726676
358,0.364076,-0.618370,-0.032638,-0.773414,0.391540,-0.614944,-0.048923,-0.747073
359,0.390081,-0.656593,-0.031940,-0.784439,0.399981,-0.626665,-0.027821,-0.764856
360,0.409454,-0.670206,-0.032114,-0.791822,0.410471,-0.641702,-0.037295,-0.781442
361,0.427606,-0.670556,-0.030194,-0.799300,0.438636,-0.679361,-0.055400,-0.793689
362,0.441568,-0.669334,-0.022166,-0.803998,0.455377,-0.701747,-0.016058,-0.803105
363,0.442965,-0.660258,-0.003316,-0.807162,0.456915,-0.697547,0.017365,-0.814243
364,0.437903,-0.646121,0.030194,-0.805532,0.460251,-0.699457,0.053347,-0.821294
365,0.433540,-0.630064,0.058469,-0.805148,0.461595,-0.693769,0.094360,-0.824232
366,0.427955,-0.618545,0.083950,-0.803998,0.461152,-0.690130,0.162034,-0.824115
367,0.419403,-0.608422,0.127932,-0.803902,0.462038,-0.670268,0.199754,-0.817082
368,0.414167,-0.607549,0.172613,-0.803039,0.459547,-0.642075,0.273396,-0.814459
369,0.409105,-0.607898,0.245742,-0.802368,0.455833,-0.621252,0.341041,-0.813324
370,0.405964,-0.608073,0.301069,-0.802655,0.452703,-0.612215,0.393728,-0.812313
371,0.403695,-0.608596,0.354302,-0.803135,0.450605,-0.600209,0.429344,-0.811391
372,0.400728,-0.608247,0.407360,-0.803039,0.447480,-0.590179,0.481079,-0.810040
373,0.398982,-0.608422,0.480140,-0.802080,0.443065,-0.598555,0.526203,-0.808607
374,0.396713,-0.608422,0.542274,-0.802176,0.438685,-0.600405,0.570868,-0.807404
375,0.394444,-0.604931,0.591841,-0.800834,0.433147,-0.589828,0.600425,-0.806529
376,0.391652,-0.595506,0.631984,-0.800642,0.430822,-0.586908,0.636111,-0.805368
377,0.389034,-0.585907,0.659211,-0.798820,0.429987,-0.592035,0.682142,-0.804437
378,0.385194,-0.572119,0.694816,-0.797191,0.425321,-0.594016,0.734036,-0.804040
379,0.385543,-0.557982,0.730595,-0.795944,0.423864,-0.592707,0.774528,-0.803805
380,0.388336,-0.542972,0.755030,-0.797191,0.420952,-0.593623,0.826274,-0.802867
381,0.387289,-0.530406,0.781035,-0.795944,0.418405,-0.582332,0.863649,-0.802563
382,0.386067,-0.515047,0.809309,-0.796424,0.417136,-0.577688,0.890876,-0.801773
383,0.387987,-0.500561,0.839852,-0.796040,0.415184,-0.560012,0.927249,-0.801539
384,0.386416,-0.487121,0.861843,-0.795369,0.411402,-0.541065,0.956288,-0.801714
385,0.384671,-0.471937,0.889071,-0.795081,0.408978,-0.506224,0.965851,-0.800971
386,0.383623,-0.458672,0.913505,-0.794986,0.406033,-0.460306,0.955940,-0.799826
387,0.382053,-0.442092,0.934100,-0.794890,0.405362,-0.432585,0.986641,-0.798042
388,0.380831,-0.427606,0.961676,-0.794794,0.404780,-0.414119,0.987698,-0.797891
389,0.381180,-0.409803,0.992918,-0.795081,0.401258,-0.382470,0.954633,-0.797513
390,0.381878,-0.390256,1.012815,-0.794986,0.400679,-0.361867,0.953548,-0.797415
391,0.381529,-0.373850,1.030617,-0.794986,0.400275,-0.348834,0.934942,-0.797501
392,0.382053,-0.355698,1.055924,-0.794602,0.398860,-0.334730,0.956603,-0.797345
393,0.382053,-0.342608,1.082104,-0.793835,0.398474,-0.322781,1.011463,-0.796937
394,0.382053,-0.328122,1.111426,-0.793835,0.398523,-0.317289,1.065343,-0.796630
395,0.382402,-0.315556,1.147380,-0.793835,0.397076,-0.304378,1.094316,-0.796512
396,0.383623,-0.312065,1.208990,-0.794123,0.396454,-0.296794,1.183605,-0.796618
397,0.384671,-0.309621,1.281246,-0.794410,0.398519,-0.299945,1.276242,-0.796461
398,0.386241,-0.307876,1.370433,-0.795177,0.397889,-0.300310,1.312374,-0.797138
399,0.387812,-0.305782,1.487893,-0.794890,0.395725,-0.294434,1.427307,-0.799254
400,0.387812,-0.300895,1.599245,-0.794986,0.393218,-0.286388,1.528318,-0.801082
401,0.387638,-0.297928,1.716182,-0.795177,0.389196,-0.279299,1.635737,-0.803114
402,0.386765,-0.297928,1.853016,-0.794890,0.383276,-0.276995,1.779411,-0.804938
403,0.384845,-0.298102,1.943599,-0.794890,0.378061,-0.285063,1.887646,-0.805977
404,0.381529,-0.299673,2.024233,-0.794890,0.373000,-0.279308,1.959913,-0.806739
405,0.379609,-0.298102,2.083923,-0.795177,0.364249,-0.274369,2.045065,-0.806813
406,0.374722,-0.298626,2.141519,-0.795081,0.355941,-0.277289,2.094762,-0.806780
407,0.367566,-0.299498,2.190039,-0.795273,0.351141,-0.275116,2.110590,-0.806006
408,0.356222,-0.300371,2.190912,-0.794986,0.343599,-0.272245,2.127177,-0.806036
409,0.349589,-0.297753,2.190214,-0.795753,0.337560,-0.273093,2.138948,-0.805770
410,0.336325,-0.297579,2.188294,-0.794986,0.332184,-0.278249,2.143809,-0.805279
411,0.318348,-0.300022,2.192483,-0.795177,0.326120,-0.279876,2.148412,-0.804988
412,0.300371,-0.298277,2.191784,-0.795561,0.317586,-0.272416,2.150044,-0.804252
413,0.286409,-0.297753,2.191959,-0.795657,0.309209,-0.268826,2.148530,-0.803274
414,0.275238,-0.297230,2.191086,-0.796232,0.299196,-0.253491,2.146599,-0.801698
415,0.264766,-0.298451,2.191784,-0.796328,0.291474,-0.268379,2.147184,-0.800282
416,0.252200,-0.299149,2.192657,-0.794410,0.283261,-0.275294,2.145655,-0.798479
417,0.240157,-0.298800,2.192657,-0.791822,0.273892,-0.270536,2.146549,-0.796794
418,0.230383,-0.297579,2.191610,-0.788658,0.259773,-0.258754,2.147882,-0.793720
419,0.219039,-0.297404,2.191784,-0.782043,0.230392,-0.227916,2.148770,-0.785658
420,0.208916,-0.297404,2.192832,-0.775236,0.211203,-0.238625,2.152720,-0.777526
421,0.197920,-0.297229,2.191959,-0.764114,0.192762,-0.258702,2.157300,-0.768539
422,0.188147,-0.297055,2.192133,-0.753760,0.175044,-0.271782,2.162380,-0.760068
423,0.178722,-0.296880,2.192133,-0.741488,0.167286,-0.292682,2.165045,-0.753102
424,0.170344,-0.297579,2.193181,-0.727490,0.163951,-0.303119,2.166550,-0.749054
425,0.161268,-0.297404,2.193181,-0.712438,0.162511,-0.296134,2.164966,-0.742208
426,0.153065,-0.297230,2.193355,-0.698057,0.160099,-0.289283,2.165361,-0.731148
427,0.143292,-0.296182,2.192657,-0.680992,0.159971,-0.289009,2.167846,-0.720277
428,0.134565,-0.296880,2.193530,-0.663159,0.157103,-0.281393,2.166856,-0.707149
429,0.124966,-0.295659,2.192832,-0.642642,0.152688,-0.277834,2.167921,-0.691208
430,0.116413,-0.295484,2.193879,-0.621358,0.148735,-0.280173,2.166243,-0.674874
431,0.108909,-0.296182,2.193879,-0.603142,0.137663,-0.278971,2.168397,-0.651864
432,0.100705,-0.296008,2.194053,-0.582242,0.134079,-0.269885,2.167570,-0.634728
433,0.091804,-0.294961,2.193355,-0.560478,0.123351,-0.259457,2.166308,-0.614168
434,0.083601,-0.294437,2.193530,-0.537852,0.112490,-0.252035,2.164128,-0.592248
435,0.076795,-0.294437,2.193704,-0.514363,0.106854,-0.255917,2.164141,-0.572871
436,0.069290,-0.294961,2.194402,-0.489723,0.103566,-0.261474,2.164081,-0.552888
437,0.061785,-0.294088,2.193879,-0.466905,0.101353,-0.265235,2.163741,-0.534919
438,0.053407,-0.293564,2.194053,-0.437568,0.098017,-0.275369,2.163743,-0.514063
439,0.046251,-0.293564,2.194228,-0.409956,0.079076,-0.267797,2.160942,-0.475181
440,0.039619,-0.293215,2.194054,-0.381194,0.053991,-0.261546,2.162039,-0.426284
441,0.031416,-0.293739,2.195101,-0.347734,0.031702,-0.258010,2.163885,-0.377319
442,0.024609,-0.293390,2.195101,-0.319452,0.024587,-0.258467,2.166709,-0.343163
443,0.017977,-0.293215,2.195275,-0.290210,0.017675,-0.251564,2.165160,-0.305995
444,0.010123,-0.293041,2.195450,-0.253203,0.016949,-0.257278,2.166330,-0.274786
445,0.002443,-0.292168,2.194926,-0.218592,0.014956,-0.263796,2.159900,-0.244577
446,-0.003840,-0.291819,2.195101,-0.186283,0.004286,-0.260275,2.159075,-0.202845
447,-0.010646,-0.291470,2.195101,-0.145920,-0.001615,-0.272734,2.159526,-0.157457
448,-0.017802,-0.291295,2.195275,-0.103831,-0.009802,-0.278096,2.159806,-0.116086
449,-0.023213,-0.291645,2.195973,-0.072672,-0.018397,-0.271250,2.158488,-0.073959
450,-0.030194,-0.291470,2.196148,-0.028666,-0.025847,-0.277901,2.158734,-0.025947
451,-0.035605,-0.291295,2.196322,0.008437,-0.032163,-0.291601,2.159365,0.017598
452,-0.040666,-0.291121,2.196671,0.046403,-0.043278,-0.286025,2.158412,0.069934
453,-0.045553,-0.291470,2.197021,0.098271,-0.044250,-0.274755,2.167340,0.119677
454,-0.046251,-0.293739,2.197370,0.143331,-0.048751,-0.274381,2.169091,0.168130
455,-0.044855,-0.298800,2.196846,0.186475,-0.052973,-0.261956,2.169070,0.212549
456,-0.043633,-0.306654,2.196497,0.226070,-0.053615,-0.269606,2.165936,0.250172
457,-0.043808,-0.320093,2.197021,0.273049,-0.049833,-0.318487,2.165405,0.297930
458,-0.044506,-0.335278,2.195624,0.316000,-0.049554,-0.326562,2.165391,0.341742
459,-0.044331,-0.352033,2.196322,0.348214,-0.049455,-0.340997,2.159243,0.412489
460,-0.045029,-0.366868,2.151816,0.381769,-0.047840,-0.347309,2.150883,0.451187
461,-0.047124,-0.379609,2.038370,0.409093,-0.048909,-0.352494,2.108501,0.506040
462,-0.045553,-0.387812,1.861044,0.431624,-0.047346,-0.362422,2.011146,0.527081
463,-0.041539,-0.389907,1.677262,0.450703,-0.047285,-0.359799,1.835675,0.537595
464,-0.039968,-0.388685,1.499238,0.464317,-0.043649,-0.357714,1.563175,0.534055
465,-0.042062,-0.388859,1.366244,0.475342,-0.043525,-0.347322,1.360690,0.536762
466,-0.043982,-0.389208,1.210211,0.484738,-0.045346,-0.329533,1.236421,0.549189
467,-0.043284,-0.388510,1.087689,0.490682,-0.048595,-0.323275,1.142071,0.556684
468,-0.042411,-0.386939,0.965690,0.497106,-0.052848,-0.313821,1.014941,0.568000
469,-0.043808,-0.384322,0.851721,0.501899,-0.055672,-0.310785,0.915820,0.576082
470,-0.045553,-0.377864,0.731991,0.506405,-0.053224,-0.301497,0.835735,0.578969
471,-0.045204,-0.368788,0.631286,0.509186,-0.055653,-0.296117,0.711536,0.574777
472,-0.044855,-0.355349,0.547161,0.511678,-0.060083,-0.290061,0.637775,0.585783
473,-0.045029,-0.340688,0.464607,0.512637,-0.071168,-0.272026,0.519965,0.586302
474,-0.045553,-0.320791,0.359363,0.512733,-0.077357,-0.266519,0.404800,0.585823
475,-0.046077,-0.304560,0.276286,0.511774,-0.079820,-0.248579,0.243330,0.581794
476,-0.045728,-0.283267,0.167726,0.509857,-0.083202,-0.234535,0.147656,0.578511
477,-0.045728,-0.270700,0.095993,0.508131,-0.085251,-0.224381,0.102948,0.576897
478,-0.045728,-0.259181,-0.003665,0.506693,-0.082959,-0.223861,0.083920,0.575406
479,-0.045902,-0.253247,-0.093375,0.504296,-0.082376,-0.213677,0.011955,0.569242
480,-0.046426,-0.250280,-0.161792,0.498640,-0.086827,-0.201092,-0.042006,0.565482
481,-0.047298,-0.249059,-0.177325,0.490682,-0.087983,-0.199436,-0.068165,0.563169
482,-0.046251,-0.246440,-0.177500,0.480136,-0.089898,-0.191639,-0.092966,0.558601
483,-0.045902,-0.243823,-0.177151,0.463070,-0.090928,-0.183869,-0.114528,0.550725
484,-0.046600,-0.243648,-0.177325,0.447155,-0.088339,-0.183015,-0.135198,0.547583
485,-0.046775,-0.243648,-0.177325,0.426543,-0.084471,-0.190552,-0.149616,0.534746
486,-0.046426,-0.243299,-0.177151,0.399506,-0.085591,-0.183042,-0.161374,0.511333
487,-0.046775,-0.243299,-0.177151,0.374771,-0.082354,-0.184461,-0.165894,0.499963
488,-0.046949,-0.243474,-0.177151,0.346584,-0.079287,-0.187606,-0.171552,0.477793
489,-0.046949,-0.243474,-0.177151,0.309001,-0.077580,-0.191610,-0.178133,0.448405
490,-0.047124,-0.243648,-0.177151,0.270939,-0.072193,-0.194238,-0.180174,0.428171
491,-0.047298,-0.243997,-0.177151,0.228467,-0.069842,-0.195710,-0.183187,0.397931
492,-0.047298,-0.244346,-0.176976,0.182544,-0.066306,-0.194232,-0.179312,0.367180
493,-0.047473,-0.244346,-0.176802,0.134127,-0.057196,-0.202589,-0.179962,0.304303
494,-0.047473,-0.244521,-0.176802,0.084657,-0.051926,-0.210702,-0.174313,0.263158
495,-0.047473,-0.244870,-0.176802,0.034802,-0.042956,-0.219589,-0.175750,0.204511
496,-0.047648,-0.245044,-0.176802,-0.010834,-0.018644,-0.258637,-0.157479,0.091420
497,-0.047648,-0.245568,-0.176627,-0.064619,-0.013707,-0.259126,-0.154055,0.044581
498,-0.047648,-0.245917,-0.176627,-0.113610,0.004070,-0.271048,-0.148366,-0.136864
499,-0.047648,-0.246266,-0.176802,-0.161643,0.014183,-0.269747,-0.142886,-0.225111
500,-0.047648,-0.246615,-0.176802,-0.208621,0.026492,-0.276481,-0.135279,-0.263897
501,-0.046426,-0.247313,-0.176802,-0.255408,0.035762,-0.272286,-0.131237,-0.295287
502,-0.042062,-0.247837,-0.176453,-0.299893,0.039096,-0.257457,-0.134017,-0.328592
503,-0.035605,-0.247837,-0.176453,-0.343228,0.046971,-0.255226,-0.137793,-0.375060
504,-0.029322,-0.248360,-0.176627,-0.379660,0.053207,-0.252917,-0.141403,-0.416329
505,-0.018151,-0.249407,-0.176627,-0.420023,0.056040,-0.252311,-0.125414,-0.446772
506,-0.000524,-0.249931,-0.176104,-0.455496,0.066123,-0.244511,-0.124097,-0.480709
507,0.019897,-0.249582,-0.175406,-0.484354,0.078693,-0.252353,-0.115419,-0.512534
508,0.045728,-0.249582,-0.177675,-0.515993,0.097252,-0.265530,-0.112216,-0.541881
509,0.065973,-0.250455,-0.175755,-0.540345,0.114404,-0.280530,-0.128745,-0.568679
510,0.089186,-0.250106,-0.178024,-0.568627,0.148309,-0.304584,-0.146311,-0.598004
511,0.112574,-0.253596,-0.178024,-0.593746,0.178455,-0.333866,-0.165187,-0.615492
512,0.136485,-0.253596,-0.178198,-0.618003,0.197575,-0.348450,-0.179493,-0.635808
513,0.159698,-0.257960,-0.176278,-0.639574,0.226465,-0.391908,-0.199405,-0.649406
514,0.182387,-0.260229,-0.178373,-0.663063,0.250553,-0.411000,-0.194178,-0.665950
515,0.206647,-0.261625,-0.176453,-0.690196,0.267502,-0.415021,-0.202276,-0.685388
516,0.223926,-0.261799,-0.176627,-0.704864,0.271624,-0.411947,-0.210539,-0.707911
517,0.249582,-0.259705,-0.179071,-0.729791,0.274550,-0.396789,-0.195592,-0.721156
518,0.270875,-0.261974,-0.176976,-0.745898,0.273987,-0.374698,-0.184191,-0.733574
519,0.288503,-0.259880,-0.177674,-0.761430,0.283022,-0.361690,-0.174135,-0.749985
520,0.304734,-0.258483,-0.173486,-0.773989,0.311142,-0.357873,-0.163557,-0.761846
521,0.319046,-0.246441,-0.161094,-0.788083,0.318645,-0.322484,-0.135795,-0.774935
522,0.327075,-0.220784,-0.132122,-0.799683,0.328487,-0.296823,-0.154200,-0.791731
523,0.327424,-0.184307,-0.104022,-0.809942,0.346074,-0.281749,-0.136914,-0.801503
524,0.325504,-0.161268,-0.083950,-0.816078,0.340523,-0.221944,-0.095705,-0.802171
525,0.322013,-0.146433,-0.047124,-0.815598,0.340861,-0.193234,-0.088451,-0.807011
526,0.319919,-0.138579,-0.001396,-0.811763,0.345020,-0.164490,-0.070551,-0.808652
527,0.319744,-0.137357,0.064054,-0.807066,0.346289,-0.150583,0.015023,-0.807970
528,0.317824,-0.137008,0.134739,-0.806203,0.346679,-0.142323,0.126462,-0.806396
529,0.316777,-0.137881,0.203156,-0.806586,0.346948,-0.128891,0.197212,-0.804755
530,0.314683,-0.137532,0.276984,-0.807449,0.344106,-0.126547,0.285093,-0.800466
531,0.313810,-0.137881,0.336849,-0.806395,0.340443,-0.112798,0.376468,-0.797580
532,0.312763,-0.137532,0.410850,-0.806490,0.338733,-0.108859,0.416768,-0.796055
533,0.312065,-0.137008,0.465654,-0.806490,0.337595,-0.106406,0.458000,-0.795172
534,0.311716,-0.135263,0.534245,-0.806682,0.338062,-0.105982,0.497486,-0.793692
535,0.311890,-0.130376,0.598822,-0.806874,0.337384,-0.101954,0.539585,-0.792801
536,0.312065,-0.118508,0.659385,-0.806874,0.336307,-0.098668,0.566208,-0.792367
537,0.312065,-0.100182,0.700052,-0.806682,0.335716,-0.097704,0.584430,-0.792032
538,0.312239,-0.086045,0.725010,-0.806874,0.335969,-0.093780,0.619447,-0.791877
539,0.312763,-0.066672,0.749270,-0.806586,0.336285,-0.090226,0.642801,-0.791462
540,0.312938,-0.050091,0.771261,-0.806682,0.336064,-0.080820,0.668203,-0.791347
541,0.312763,-0.031416,0.785223,-0.806778,0.336157,-0.062354,0.687406,-0.790894
542,0.312588,-0.008901,0.791332,-0.806682,0.335841,-0.033405,0.703880,-0.791289
543,0.312588,0.012915,0.792903,-0.806586,0.335465,0.007589,0.723986,-0.792772
544,0.312065,0.034209,0.790285,-0.806490,0.334615,0.033844,0.740247,-0.793440
545,0.311541,0.055501,0.790111,-0.806586,0.333373,0.049953,0.771042,-0.793844
546,0.311541,0.075573,0.793252,-0.806778,0.332064,0.061269,0.806402,-0.794119
547,0.311716,0.095295,0.796568,-0.806299,0.331467,0.075673,0.862634,-0.795141
548,0.312588,0.108559,0.823447,-0.806395,0.330715,0.090519,0.911252,-0.796145
549,0.314159,0.116239,0.883486,-0.806299,0.331162,0.099616,0.989797,-0.797084
550,0.315206,0.119730,0.950855,-0.806395,0.330439,0.115721,1.117802,-0.799941
551,0.316428,0.121475,1.036202,-0.806778,0.330074,0.109943,1.231283,-0.801557
552,0.316952,0.122173,1.128006,-0.806874,0.330259,0.108802,1.307941,-0.802704
553,0.316603,0.122871,1.228188,-0.807257,0.329401,0.113870,1.350603,-0.803253
554,0.316079,0.123395,1.335875,-0.807449,0.328729,0.118376,1.405568,-0.804308
555,0.316079,0.123744,1.451241,-0.807449,0.328148,0.125821,1.426355,-0.804731
556,0.315905,0.124442,1.572891,-0.807353,0.328368,0.126941,1.443475,-0.805008
557,0.315032,0.125664,1.704140,-0.807353,0.326422,0.130660,1.497268,-0.806069
558,0.313461,0.128456,1.802576,-0.807449,0.324560,0.128251,1.570338,-0.807301
559,0.311541,0.130550,1.872041,-0.807449,0.318749,0.131479,1.732294,-0.809967
560,0.305782,0.129678,1.921433,-0.807353,0.314057,0.130749,1.804123,-0.811620
561,0.295484,0.127409,1.944471,-0.807449,0.306385,0.127514,1.884567,-0.811638
562,0.275937,0.125489,1.962274,-0.807353,0.299859,0.125102,1.935718,-0.812090
563,0.259007,0.121650,1.971698,-0.807353,0.293760,0.119090,1.955469,-0.809874
564,0.239459,0.123220,1.976411,-0.807353,0.284403,0.119761,1.986580,-0.810111
565,0.222180,0.126013,1.979029,-0.807353,0.275483,0.121274,2.004215,-0.809214
566,0.198793,0.131249,1.980251,-0.807449,0.265613,0.130208,2.021926,-0.806583
567,0.183085,0.128805,1.984439,-0.807545,0.252904,0.137149,2.028707,-0.804117
568,0.159000,0.128805,1.984963,-0.807737,0.240021,0.113703,2.038077,-0.801002
569,0.141197,0.131598,1.987406,-0.807737,0.226739,0.107554,2.040162,-0.797927
570,0.121126,0.131423,1.990548,-0.807833,0.182397,0.128557,2.035870,-0.785281
571,0.107338,0.131772,1.991246,-0.806682,0.145675,0.122280,2.037016,-0.774168
572,0.092852,0.132121,1.990723,-0.802272,0.141577,0.133300,2.027504,-0.774125
573,0.081681,0.132121,1.990373,-0.797958,0.135500,0.144210,2.017112,-0.771920
574,0.068766,0.132470,1.990897,-0.791438,0.128629,0.146478,1.997640,-0.769128
575,0.054629,0.132470,1.991770,-0.780125,0.109192,0.141314,1.972804,-0.761783
576,0.042237,0.131423,1.993515,-0.766799,0.087156,0.147326,1.960437,-0.754075
577,0.030194,0.132820,1.993515,-0.753664,0.044183,0.160204,1.946405,-0.728512
578,0.019024,0.133169,1.992817,-0.738324,0.038713,0.152497,1.948564,-0.722072
579,0.006981,0.131947,1.995260,-0.717424,0.009314,0.145149,1.951307,-0.698484
580,-0.006458,0.133518,1.994562,-0.693263,-0.008822,0.140641,1.965666,-0.682432
581,-0.018850,0.133867,1.995086,-0.668720,-0.020981,0.139883,1.974005,-0.666203
582,-0.029845,0.132470,1.997006,-0.643984,-0.028777,0.139938,1.976422,-0.649431
583,-0.042586,0.133169,1.996308,-0.617044,-0.036656,0.142259,1.979241,-0.631857
584,-0.055501,0.131947,1.997355,-0.584447,-0.047194,0.143265,1.971249,-0.607840
585,-0.067021,0.130551,1.998751,-0.549165,-0.059858,0.137793,1.983135,-0.576905
586,-0.080809,0.127584,2.001369,-0.507268,-0.065352,0.137748,1.996440,-0.548128
587,-0.091979,0.125140,2.001893,-0.467289,-0.068211,0.134941,2.016366,-0.511341
588,-0.103847,0.124093,2.001020,-0.424817,-0.067610,0.133549,2.024998,-0.478821
589,-0.113970,0.120777,2.003813,-0.376688,-0.073135,0.135186,2.035217,-0.438023
590,-0.122173,0.118682,2.009921,-0.335750,-0.080537,0.138138,2.042752,-0.395657
591,-0.129154,0.115192,2.019695,-0.288580,-0.083989,0.132021,2.054522,-0.347981
592,-0.134565,0.110828,2.029818,-0.239876,-0.086243,0.132033,2.069915,-0.299995
593,-0.137357,0.105592,2.039243,-0.190309,-0.087927,0.136581,2.071678,-0.253741
594,-0.138579,0.100007,2.049016,-0.139305,-0.086366,0.127360,2.078683,-0.209619
595,-0.139277,0.093201,2.059663,-0.087629,-0.110293,0.110914,2.084114,-0.145739
596,-0.139801,0.084299,2.071357,-0.035377,-0.118791,0.100885,2.088785,-0.085884
597,-0.139975,0.073653,2.083574,0.017928,-0.127290,0.096454,2.095459,-0.025600
598,-0.139626,0.055676,2.092126,0.066345,-0.128186,0.076934,2.103112,0.031728
599,-0.139103,0.028449,2.089508,0.117445,-0.129807,0.067849,2.109841,0.083496
600,-0.138579,-0.009948,2.092824,0.172956,-0.130683,0.052506,2.116230,0.142741
601,-0.138230,-0.046077,2.092824,0.216867,-0.131396,0.031061,2.124620,0.203670
602,-0.137881,-0.088488,2.089857,0.264803,-0.090289,-0.002615,2.124831,0.243683
603,-0.136485,-0.123046,2.092999,0.292799,-0.096741,-0.038124,2.121668,0.298331
604,-0.130376,-0.175580,2.092999,0.337572,-0.078347,-0.169987,2.121036,0.382734
605,-0.122173,-0.221482,2.067517,0.367005,-0.067962,-0.210402,2.118720,0.416188
606,-0.117810,-0.247488,2.029643,0.381578,-0.068213,-0.238736,2.112548,0.461195
607,-0.111003,-0.283441,1.880767,0.399123,-0.053547,-0.266764,2.049861,0.507429
608,-0.105767,-0.296182,1.738523,0.409765,-0.043378,-0.284239,1.873060,0.508746
609,-0.100706,-0.296357,1.609892,0.416668,-0.043826,-0.290519,1.756343,0.525067
610,-0.095819,-0.295310,1.468520,0.422324,-0.042151,-0.296588,1.591152,0.535215
611,-0.095120,-0.294961,1.331861,0.427022,-0.041090,-0.304345,1.371409,0.530985
612,-0.099135,-0.293041,1.190315,0.431911,-0.044743,-0.303785,1.196952,0.535975
613,-0.100531,-0.288328,1.075821,0.434884,-0.044808,-0.293285,1.039528,0.536609
614,-0.098786,-0.274017,0.971625,0.438143,-0.045001,-0.282909,0.933918,0.538078
615,-0.098262,-0.253771,0.890118,0.440348,-0.048624,-0.279806,0.846599,0.545890
616,-0.099309,-0.228987,0.798314,0.442170,-0.056239,-0.267999,0.770896,0.546943
617,-0.099658,-0.206822,0.715759,0.442266,-0.060574,-0.243674,0.665190,0.546564
618,-0.099309,-0.187623,0.625351,0.442362,-0.065623,-0.226390,0.589361,0.545804
619,-0.099658,-0.173835,0.536165,0.441595,-0.069502,-0.198123,0.506115,0.544755
620,-0.100531,-0.161617,0.442964,0.440061,-0.076377,-0.165613,0.384790,0.540347
621,-0.100880,-0.152018,0.349764,0.438623,-0.081020,-0.137494,0.268447,0.534576
622,-0.100880,-0.142594,0.255167,0.437664,-0.084460,-0.120528,0.183295,0.531054
623,-0.101055,-0.134216,0.159523,0.436322,-0.091454,-0.101622,0.101754,0.523950
624,-0.101229,-0.127758,0.056723,0.435171,-0.096799,-0.084380,0.037489,0.514437
625,-0.101055,-0.124093,-0.015359,0.432870,-0.098940,-0.078972,-0.007150,0.504249
626,-0.101229,-0.121300,-0.108559,0.428172,-0.099943,-0.076622,-0.046622,0.486191
627,-0.101753,-0.120951,-0.173486,0.418585,-0.100071,-0.081716,-0.073515,0.479549
628,-0.102276,-0.120253,-0.204901,0.403820,-0.100888,-0.085579,-0.089406,0.474788
629,-0.101927,-0.119031,-0.212058,0.386084,-0.101460,-0.082947,-0.114258,0.468669
630,-0.101404,-0.117635,-0.212407,0.355404,-0.101593,-0.076768,-0.125221,0.466841
631,-0.101753,-0.117635,-0.212581,0.332107,-0.096988,-0.078243,-0.136711,0.447711
632,-0.102102,-0.117810,-0.212581,0.296250,-0.097472,-0.080279,-0.146613,0.429084
633,-0.101753,-0.117984,-0.212581,0.255216,-0.098294,-0.079000,-0.159718,0.408498
634,-0.100880,-0.118508,-0.212407,0.222427,-0.092546,-0.086044,-0.167573,0.369399
635,-0.098437,-0.118857,-0.212232,0.177846,-0.089346,-0.094234,-0.169748,0.325862
636,-0.094597,-0.118857,-0.212232,0.124636,-0.087642,-0.096191,-0.176993,0.272926
637,-0.090583,-0.119555,-0.211883,0.074686,-0.081630,-0.098216,-0.176724,0.218489
638,-0.085521,-0.119555,-0.212232,0.023873,-0.079357,-0.109480,-0.175542,0.153375
639,-0.072606,-0.121300,-0.212232,-0.026941,-0.070007,-0.116398,-0.177015,0.030868
640,-0.056025,-0.121649,-0.210138,-0.072385,-0.053499,-0.122815,-0.190267,-0.050791
641,-0.032289,-0.121824,-0.209963,-0.126649,-0.034051,-0.120286,-0.190866,-0.164036
642,-0.012392,-0.122522,-0.209963,-0.170176,-0.012799,-0.123842,-0.197456,-0.273746
643,0.006632,-0.120428,-0.212232,-0.221756,0.004005,-0.128485,-0.207003,-0.309439
644,0.033161,-0.123046,-0.210138,-0.264803,0.017295,-0.132457,-0.215047,-0.340092
645,0.056200,-0.123395,-0.210661,-0.304208,0.038856,-0.149653,-0.222181,-0.380583
646,0.080285,-0.122173,-0.212930,-0.340735,0.049399,-0.161045,-0.230794,-0.414124
647,0.099309,-0.123569,-0.212930,-0.362115,0.075942,-0.193193,-0.235929,-0.461721
648,0.126885,-0.129853,-0.213105,-0.385892,0.127239,-0.243512,-0.232183,-0.473112
649,0.155509,-0.144339,-0.211708,-0.400369,0.137229,-0.246826,-0.240959,-0.492459
650,0.180991,-0.160221,-0.212057,-0.411778,0.179587,-0.280949,-0.243112,-0.503560
651,0.203680,-0.178373,-0.212232,-0.419735,0.212314,-0.294318,-0.249487,-0.515740
652,0.228464,-0.203331,-0.212232,-0.427214,0.236990,-0.269104,-0.252164,-0.522720
653,0.253422,-0.230907,-0.212756,-0.433350,0.246760,-0.256389,-0.251780,-0.531693
654,0.278205,-0.256738,-0.212581,-0.439198,0.260475,-0.253437,-0.251766,-0.540148
655,0.302640,-0.270701,-0.211010,-0.444567,0.289632,-0.236586,-0.253937,-0.541845
656,0.319919,-0.271399,-0.209963,-0.449456,0.302391,-0.219263,-0.247258,-0.545425
657,0.336849,-0.271573,-0.205425,-0.454442,0.330603,-0.224191,-0.219271,-0.545819
658,0.348717,-0.270352,-0.195128,-0.459427,0.351979,-0.184298,-0.186158,-0.539110
659,0.350288,-0.263719,-0.163014,-0.463837,0.358153,-0.155864,-0.160114,-0.536998
660,0.347670,-0.255167,-0.127583,-0.465563,0.360615,-0.152576,-0.118310,-0.536768
661,0.348368,-0.241030,-0.082031,-0.464317,0.362340,-0.140002,-0.102848,-0.537128
662,0.347670,-0.229336,-0.045902,-0.461536,0.364655,-0.128137,-0.071392,-0.535916
663,0.344528,-0.224624,0.013439,-0.461153,0.366316,-0.123190,-0.014791,-0.532890
664,0.342783,-0.224973,0.082903,-0.461632,0.366708,-0.117432,0.075575,-0.528154
665,0.340165,-0.225322,0.150098,-0.461345,0.364297,-0.107754,0.139582,-0.525894
666,0.337023,-0.225671,0.222530,-0.461153,0.362844,-0.103305,0.174719,-0.525476
667,0.335278,-0.226195,0.280824,-0.460865,0.361169,-0.107639,0.209292,-0.525322
668,0.333532,-0.226369,0.348368,-0.460961,0.359917,-0.122984,0.262883,-0.523721
669,0.332311,-0.226195,0.400030,-0.460865,0.358362,-0.127365,0.313304,-0.521260
670,0.331438,-0.225671,0.461639,-0.461057,0.356367,-0.133222,0.379400,-0.518213
671,0.330914,-0.223577,0.509985,-0.461153,0.354742,-0.140363,0.427211,-0.516866
672,0.331264,-0.217643,0.559378,-0.461632,0.353745,-0.140210,0.464172,-0.516114
673,0.331787,-0.207694,0.600044,-0.461249,0.353500,-0.137578,0.505267,-0.515505
674,0.331264,-0.195826,0.627620,-0.461153,0.352483,-0.133662,0.546295,-0.514237
675,0.331787,-0.184656,0.654324,-0.461249,0.352351,-0.132397,0.569008,-0.513108
676,0.331787,-0.174009,0.681028,-0.461249,0.352590,-0.121184,0.595655,-0.511412
677,0.332136,-0.163188,0.706335,-0.461536,0.353100,-0.116633,0.611299,-0.510809
678,0.333009,-0.151669,0.730769,-0.461345,0.353884,-0.108242,0.641451,-0.509130
679,0.333183,-0.139103,0.761836,-0.461441,0.354965,-0.098157,0.658751,-0.508063
680,0.333881,-0.124616,0.786096,-0.461632,0.355145,-0.088595,0.672033,-0.507020
681,0.334056,-0.109781,0.800408,-0.461632,0.355220,-0.079218,0.691692,-0.506021
682,0.333707,-0.090932,0.812800,-0.461536,0.355103,-0.066821,0.705483,-0.505528
683,0.333707,-0.072955,0.821876,-0.461728,0.356252,-0.045754,0.721742,-0.504452
684,0.333707,-0.055152,0.830253,-0.461632,0.355686,-0.018277,0.737450,-0.503883
685,0.333707,-0.036128,0.839154,-0.461824,0.357844,0.003956,0.764205,-0.503030
686,0.334056,-0.018151,0.843518,-0.462016,0.356524,0.021856,0.787636,-0.503721
687,0.333532,0.001222,0.849626,-0.461920,0.356431,0.035729,0.821039,-0.504443
688,0.333183,0.021642,0.853641,-0.461824,0.356360,0.048365,0.855900,-0.504719
689,0.332485,0.039095,0.853466,-0.461920,0.355195,0.062598,0.885972,-0.505781
690,0.332136,0.060912,0.855910,-0.462112,0.353037,0.071197,0.931311,-0.506514
691,0.332311,0.073827,0.871443,-0.461728,0.353039,0.077044,0.992259,-0.507289
692,0.332660,0.080634,0.914902,-0.461920,0.352836,0.080033,1.038749,-0.508272
693,0.332834,0.084125,0.975465,-0.462495,0.352631,0.084279,1.096165,-0.509162
694,0.333707,0.086045,1.062207,-0.462687,0.353268,0.077248,1.122922,-0.509100
695,0.335627,0.086917,1.138827,-0.462495,0.354416,0.064556,1.044714,-0.507208
696,0.338419,0.087790,1.239707,-0.462112,0.354287,0.062882,1.052786,-0.507251
697,0.339467,0.090059,1.330464,-0.462016,0.353181,0.067213,1.067048,-0.507670
698,0.339292,0.090408,1.441816,-0.461632,0.354773,0.074330,1.093760,-0.509157
699,0.338245,0.090583,1.547060,-0.461441,0.353498,0.074653,1.135061,-0.510639
700,0.335801,0.094422,1.649686,-0.461632,0.350006,0.079239,1.238066,-0.514461
701,0.333707,0.095819,1.728574,-0.462112,0.345874,0.075068,1.412813,-0.519362
702,0.329344,0.096168,1.796642,-0.462016,0.338850,0.071199,1.621646,-0.524727
703,0.320617,0.094597,1.874658,-0.462303,0.325637,0.079596,1.885935,-0.527506
704,0.312414,0.092677,1.932952,-0.462495,0.318649,0.078386,1.952521,-0.527494
705,0.301418,0.091630,1.981647,-0.462495,0.311715,0.079696,1.997386,-0.526966
706,0.291819,0.090932,2.019346,-0.462591,0.303660,0.083685,2.029679,-0.526181
707,0.277333,0.091106,2.062805,-0.462495,0.288196,0.082454,2.044683,-0.526030
708,0.263545,0.095120,2.091777,-0.462591,0.282078,0.070771,2.054728,-0.525692
709,0.247139,0.095644,2.120226,-0.462591,0.272587,0.077528,2.063520,-0.524441
710,0.229860,0.095993,2.135585,-0.462495,0.261477,0.092934,2.064880,-0.522655
711,0.211534,0.094248,2.146580,-0.462591,0.247084,0.086650,2.077693,-0.518668
712,0.194604,0.095295,2.151816,-0.462495,0.230720,0.102302,2.075730,-0.514829
713,0.174009,0.096168,2.152165,-0.462399,0.203332,0.124680,2.071197,-0.506378
714,0.156905,0.094597,2.153736,-0.462399,0.189848,0.131145,2.054991,-0.502026
715,0.135961,0.095470,2.152514,-0.462208,0.167164,0.135484,2.062079,-0.491684
716,0.117984,0.093026,2.156354,-0.462399,0.146341,0.152079,2.064692,-0.482913
717,0.102625,0.093550,2.155831,-0.461728,0.141992,0.146776,2.060731,-0.480015
718,0.088837,0.090582,2.156878,-0.457510,0.139796,0.144322,2.056425,-0.479260
719,0.078714,0.088314,2.156529,-0.453771,0.137920,0.132699,2.056376,-0.476580
720,0.067370,0.086568,2.154609,-0.447827,0.132063,0.097300,2.065628,-0.472093
721,0.056025,0.082380,2.155656,-0.437089,0.103169,0.102598,2.074535,-0.453761
722,0.044855,0.080111,2.155831,-0.426063,0.069412,0.098300,2.085891,-0.428096
723,0.034557,0.079412,2.154609,-0.412737,0.050470,0.102384,2.086439,-0.412509
724,0.023213,0.076620,2.156005,-0.395384,0.045508,0.103430,2.088040,-0.404273
725,0.013265,0.076271,2.154783,-0.380044,0.023666,0.110130,2.090645,-0.374571
726,0.004014,0.074525,2.155831,-0.360102,0.002456,0.105745,2.095999,-0.347229
727,-0.005760,0.074525,2.154958,-0.340640,-0.002653,0.110065,2.100991,-0.331102
728,-0.014137,0.072955,2.156180,-0.319356,-0.015941,0.117451,2.102587,-0.304338
729,-0.026703,0.073304,2.155132,-0.290593,-0.021706,0.119591,2.103120,-0.282077
730,-0.038223,0.072606,2.155307,-0.259147,-0.038584,0.111865,2.104395,-0.253034
731,-0.048520,0.071908,2.155307,-0.227796,-0.046157,0.107430,2.103401,-0.223590
732,-0.058992,0.069988,2.156529,-0.190597,-0.052004,0.096786,2.105401,-0.199803
733,-0.068417,0.069115,2.156878,-0.158096,-0.072119,0.082228,2.102978,-0.159230
734,-0.078714,0.068242,2.157576,-0.119650,-0.080433,0.089988,2.103678,-0.126536
735,-0.088488,0.067021,2.157576,-0.079767,-0.090895,0.085774,2.110793,-0.078252
736,-0.096168,0.064228,2.158448,-0.037870,-0.095265,0.084375,2.116225,-0.038773
737,-0.102625,0.060214,2.160543,0.005369,-0.102144,0.080943,2.115905,0.013245
738,-0.107163,0.054454,2.160543,0.050334,-0.104595,0.069484,2.120674,0.057772
739,-0.109607,0.047124,2.161590,0.095490,-0.109480,0.057148,2.126240,0.104097
740,-0.110654,0.038223,2.160543,0.140263,-0.109477,0.044819,2.131920,0.158826
741,-0.110479,0.024085,2.161416,0.190597,-0.112698,0.042317,2.136858,0.191772
742,-0.110130,0.007156,2.161765,0.230193,-0.113806,0.014156,2.139145,0.235055
743,-0.109607,-0.020595,2.161416,0.272090,-0.112214,0.005296,2.137337,0.270587
744,-0.109607,-0.050789,2.158274,0.312932,-0.104066,-0.059694,2.144225,0.331778
745,-0.109781,-0.080634,2.156703,0.350419,-0.082186,-0.169808,2.138838,0.408161
746,-0.109781,-0.110130,2.147802,0.386180,-0.078217,-0.191378,2.130473,0.459896
747,-0.109956,-0.137706,2.116386,0.418489,-0.055845,-0.234294,2.105807,0.498948
748,-0.109956,-0.161792,2.054078,0.446484,-0.060580,-0.241618,2.082865,0.530193
749,-0.110654,-0.178722,1.944297,0.469686,-0.059244,-0.244526,2.026139,0.557781
750,-0.109956,-0.187099,1.783552,0.489148,-0.055875,-0.254626,1.883260,0.581074
751,-0.107861,-0.188670,1.627868,0.504967,-0.056586,-0.256325,1.611688,0.589384
752,-0.106291,-0.187972,1.480563,0.518869,-0.060260,-0.244038,1.390200,0.592881
753,-0.106291,-0.187972,1.354550,0.529319,-0.057594,-0.243169,1.246556,0.596468
754,-0.107512,-0.188670,1.212829,0.540824,-0.059251,-0.227798,1.139650,0.602890
755,-0.108210,-0.188321,1.101652,0.550028,-0.066676,-0.221768,1.047590,0.619918
756,-0.108210,-0.186925,1.002342,0.558944,-0.069499,-0.209084,0.940758,0.627304
757,-0.108210,-0.184132,0.906524,0.566039,-0.072639,-0.226591,0.877681,0.633593
758,-0.109432,-0.175406,0.800408,0.573325,-0.083420,-0.210053,0.824256,0.647430
759,-0.109781,-0.162141,0.713665,0.579269,-0.090724,-0.182155,0.735421,0.657665
760,-0.109607,-0.138230,0.628842,0.585022,-0.094949,-0.163146,0.691401,0.669059
761,-0.109607,-0.113447,0.566534,0.589144,-0.104496,-0.119481,0.594067,0.671072
762,-0.109607,-0.082031,0.492008,0.593363,-0.107944,-0.095997,0.546585,0.676855
763,-0.109607,-0.058294,0.429351,0.596623,-0.113137,-0.072253,0.468836,0.682530
764,-0.109781,-0.037176,0.355524,0.599595,-0.115548,-0.041798,0.405790,0.683007
765,-0.110130,-0.023387,0.283092,0.600170,-0.117745,-0.021923,0.309105,0.690194
766,-0.111003,-0.010123,0.186401,0.600074,-0.119387,-0.003914,0.231317,0.690232
767,-0.111177,-0.000349,0.095470,0.598732,-0.121765,0.014651,0.135036,0.691072
768,-0.110828,0.006108,0.002095,0.597006,-0.125159,0.025406,0.067664,0.686554
769,-0.111003,0.011345,-0.093724,0.594322,-0.127713,0.033911,0.020412,0.684947
770,-0.111177,0.013614,-0.187099,0.590966,-0.130818,0.039474,-0.039558,0.679792
771,-0.111352,0.013963,-0.266337,0.582721,-0.134108,0.046487,-0.109257,0.672706
772,-0.112050,0.013788,-0.315207,0.569778,-0.137822,0.048302,-0.170377,0.673086
773,-0.111876,0.013788,-0.342085,0.553575,-0.138944,0.048370,-0.195473,0.668465
774,-0.111701,0.013788,-0.350637,0.529223,-0.139157,0.047186,-0.212999,0.652138
775,-0.111876,0.013788,-0.352556,0.497969,-0.137652,0.044561,-0.233567,0.646708
776,-0.111876,0.013614,-0.352382,0.464029,-0.131741,0.032708,-0.244607,0.628597
777,-0.111876,0.013265,-0.352556,0.424337,-0.129318,0.032005,-0.250407,0.593785
778,-0.112225,0.012916,-0.352557,0.384454,-0.124584,0.038609,-0.254393,0.579228
779,-0.112225,0.012741,-0.352382,0.333737,-0.125311,0.033995,-0.257429,0.538568
780,-0.112225,0.012392,-0.352382,0.273336,-0.122594,0.038215,-0.257741,0.491640
781,-0.112399,0.012043,-0.352033,0.213894,-0.120750,0.037280,-0.263413,0.446071
782,-0.112225,0.011519,-0.351858,0.145153,-0.114660,0.030535,-0.269901,0.391866
783,-0.110828,0.011170,-0.351684,0.087149,-0.100989,0.023432,-0.273478,0.335861
784,-0.106814,0.010472,-0.351160,0.020421,-0.094500,0.019357,-0.277360,0.264631
785,-0.097913,0.010472,-0.351684,-0.052443,-0.085158,0.015497,-0.287625,0.204768
786,-0.083427,0.008028,-0.351509,-0.112172,-0.078395,0.005066,-0.297298,0.114415
787,-0.061261,0.004712,-0.349415,-0.177654,-0.067310,0.008946,-0.305777,-0.093912
788,-0.034208,-0.002443,-0.349415,-0.239205,-0.049527,0.018621,-0.314143,-0.207087
789,-0.005760,-0.018151,-0.350462,-0.295867,-0.026464,-0.002298,-0.321571,-0.291547
790,0.020944,-0.044331,-0.350811,-0.345817,-0.014765,-0.019823,-0.326171,-0.341867
791,0.054803,-0.084823,-0.351160,-0.390015,0.002870,-0.038974,-0.326114,-0.382283
792,0.089535,-0.124267,-0.351160,-0.429419,0.025559,-0.079946,-0.328898,-0.439234
793,0.123220,-0.159872,-0.350986,-0.463166,0.088797,-0.139211,-0.326354,-0.465140
794,0.165108,-0.202982,-0.351160,-0.497202,0.122169,-0.176194,-0.325075,-0.503835
795,0.198618,-0.238586,-0.351160,-0.521841,0.193043,-0.251759,-0.330098,-0.516160
796,0.234747,-0.278729,-0.350986,-0.544371,0.227197,-0.309059,-0.326109,-0.548816
797,0.269828,-0.320792,-0.350811,-0.567956,0.255393,-0.333962,-0.319675,-0.582395
798,0.306480,-0.366694,-0.352033,-0.585405,0.292867,-0.367036,-0.310734,-0.604183
799,0.337372,-0.412945,-0.350288,-0.598444,0.339202,-0.447150,-0.300642,-0.622394
800,0.362854,-0.454833,-0.346273,-0.605060,0.364381,-0.478119,-0.286753,-0.641213
801,0.389034,-0.495150,-0.334929,-0.609086,0.385320,-0.501768,-0.274005,-0.656652
802,0.402298,-0.504051,-0.306829,-0.611867,0.399238,-0.504992,-0.266211,-0.668835
803,0.414167,-0.504749,-0.243648,-0.613496,0.422325,-0.524334,-0.248660,-0.673385
804,0.414865,-0.502829,-0.171042,-0.614168,0.445047,-0.522222,-0.231705,-0.673187
805,0.410501,-0.495325,-0.120602,-0.614935,0.454034,-0.517060,-0.213640,-0.674765
806,0.410676,-0.478744,-0.084823,-0.617715,0.460445,-0.516789,-0.187352,-0.676145
807,0.407360,-0.456753,-0.053058,-0.619632,0.461051,-0.493597,-0.160416,-0.675811
808,0.399680,-0.435809,-0.028100,-0.618578,0.463925,-0.460466,-0.138841,-0.672480
809,0.393572,-0.419228,-0.006283,-0.617619,0.460694,-0.389252,-0.123608,-0.669495
810,0.385718,-0.403171,0.021991,-0.614551,0.456337,-0.339563,-0.088082,-0.667051
811,0.377340,-0.385543,0.047822,-0.613305,0.451112,-0.297233,-0.051428,-0.663404
812,0.372453,-0.368439,0.066497,-0.612058,0.445607,-0.281329,-0.002735,-0.660397
813,0.366868,-0.348368,0.098436,-0.609757,0.438498,-0.262976,0.047861,-0.656163
814,0.361283,-0.330042,0.124442,-0.608799,0.428083,-0.260684,0.138754,-0.653041
815,0.356047,-0.312239,0.151145,-0.608703,0.417171,-0.248102,0.189335,-0.652175
816,0.351335,-0.295310,0.174009,-0.608128,0.402019,-0.240346,0.264569,-0.649894
817,0.345750,-0.279078,0.201934,-0.608415,0.390459,-0.227966,0.333302,-0.647513
818,0.339990,-0.260927,0.230907,-0.608415,0.378579,-0.217263,0.376448,-0.646527
819,0.334580,-0.244521,0.257960,-0.608511,0.371853,-0.209928,0.395477,-0.645629
820,0.330042,-0.228289,0.281347,-0.608607,0.365936,-0.194615,0.400929,-0.645164
821,0.324980,-0.211708,0.308574,-0.608607,0.361161,-0.183594,0.397243,-0.646265
822,0.320093,-0.194430,0.341037,-0.608607,0.356777,-0.168332,0.376195,-0.647651
823,0.317650,-0.175406,0.369835,-0.608607,0.353850,-0.157135,0.369781,-0.648872
824,0.316952,-0.161443,0.399331,-0.608511,0.350405,-0.144452,0.398267,-0.649215
825,0.315381,-0.141546,0.432493,-0.608319,0.348750,-0.137484,0.401814,-0.648607
826,0.313461,-0.126886,0.465828,-0.608319,0.349198,-0.123985,0.412823,-0.648797
827,0.312938,-0.108036,0.496546,-0.608319,0.347713,-0.105191,0.447810,-0.647512
828,0.312938,-0.092852,0.525519,-0.608223,0.346019,-0.089595,0.493897,-0.645265
829,0.312414,-0.076271,0.563218,-0.607840,0.344817,-0.080006,0.546672,-0.642705
830,0.312588,-0.059690,0.591492,-0.608032,0.344787,-0.068439,0.585075,-0.640100
831,0.313287,-0.042935,0.625352,-0.608319,0.346008,-0.049598,0.627728,-0.637641
832,0.313985,-0.024958,0.663225,-0.608607,0.345743,-0.031792,0.641484,-0.637075
833,0.314334,-0.008029,0.699354,-0.608415,0.346567,-0.014052,0.672460,-0.636149
834,0.314683,0.007505,0.736703,-0.608607,0.347794,0.007760,0.707059,-0.635059
835,0.314857,0.026354,0.769690,-0.608415,0.348141,0.033647,0.731699,-0.635385
836,0.315032,0.040666,0.795172,-0.608511,0.348361,0.052375,0.762747,-0.635161
837,0.315032,0.061436,0.826762,-0.608703,0.347707,0.068223,0.786188,-0.635726
838,0.315206,0.080111,0.859575,-0.608799,0.347405,0.081010,0.822477,-0.636464
839,0.315556,0.097913,0.891514,-0.608895,0.346872,0.092524,0.867039,-0.636949
840,0.316254,0.113795,0.932530,-0.609086,0.346216,0.097537,0.939522,-0.637248
841,0.316603,0.122871,0.984191,-0.609086,0.345094,0.106048,1.022553,-0.638582
842,0.316952,0.128456,1.068142,-0.609086,0.344743,0.109180,1.149498,-0.641098
843,0.317301,0.130201,1.148427,-0.609086,0.344291,0.116053,1.249264,-0.643878
844,0.317301,0.130725,1.248434,-0.609086,0.343338,0.122119,1.281327,-0.645394
845,0.317650,0.131423,1.358041,-0.609182,0.342090,0.128981,1.314211,-0.646944
846,0.319570,0.131773,1.487893,-0.609374,0.337846,0.131988,1.523025,-0.651146
847,0.320617,0.132121,1.601689,-0.609278,0.334731,0.132693,1.638076,-0.653867
848,0.319744,0.131947,1.757197,-0.609278,0.329180,0.129808,1.771043,-0.656296
849,0.319395,0.132994,1.909565,-0.609374,0.326306,0.121361,1.840238,-0.657164
850,0.318348,0.138579,2.006954,-0.609470,0.321365,0.114232,1.920151,-0.657929
851,0.318523,0.135263,2.081131,-0.609757,0.315399,0.111386,1.986070,-0.658850
852,0.317301,0.131598,2.138377,-0.609949,0.311844,0.101357,2.028456,-0.659451
853,0.306305,0.134390,2.164732,-0.609949,0.309510,0.084455,2.051738,-0.660375
854,0.287630,0.137183,2.177473,-0.610045,0.304758,0.093548,2.070886,-0.659228
855,0.267908,0.133867,2.180964,-0.610428,0.296928,0.092191,2.087193,-0.657301
856,0.249058,0.132645,2.176076,-0.610524,0.290737,0.094075,2.094034,-0.656639
857,0.228987,0.131249,2.177822,-0.610524,0.281675,0.081667,2.106144,-0.655124
858,0.207869,0.134565,2.178869,-0.610716,0.274536,0.080933,2.111216,-0.652701
859,0.189368,0.138404,2.179044,-0.610620,0.266889,0.082515,2.117821,-0.651034
860,0.170344,0.135612,2.181138,-0.610716,0.250377,0.102841,2.116486,-0.646726
861,0.150622,0.134041,2.179567,-0.610812,0.232643,0.112341,2.115793,-0.642577
862,0.133343,0.137008,2.178869,-0.611004,0.211608,0.105172,2.112069,-0.638976
863,0.117286,0.135961,2.179218,-0.609374,0.156748,0.140109,2.106492,-0.622144
864,0.102276,0.135438,2.179218,-0.605922,0.146278,0.140150,2.096823,-0.619707
865,0.087965,0.134914,2.179218,-0.601608,0.138302,0.149714,2.080947,-0.617360
866,0.076620,0.133169,2.180614,-0.594897,0.137285,0.156235,2.071701,-0.616160
867,0.061785,0.132470,2.180614,-0.584159,0.129838,0.150933,2.039922,-0.613962
868,0.047647,0.133867,2.179044,-0.569107,0.106503,0.140843,2.033714,-0.600973
869,0.031241,0.133692,2.179044,-0.551178,0.063931,0.131793,2.035175,-0.573702
870,0.016930,0.134041,2.179393,-0.531908,0.042731,0.124773,2.028957,-0.554937
871,0.001396,0.133692,2.179567,-0.507268,0.037213,0.131894,2.022858,-0.544079
872,-0.014312,0.133518,2.179916,-0.475726,0.008033,0.136856,2.021104,-0.514120
873,-0.027925,0.131598,2.181662,-0.447635,-0.026379,0.138840,2.023023,-0.476052
874,-0.043982,0.132296,2.182010,-0.413600,-0.046225,0.138027,2.038306,-0.437547
875,-0.058468,0.130725,2.182185,-0.373428,-0.054772,0.135700,2.047501,-0.403625
876,-0.071209,0.129329,2.180964,-0.334312,-0.059621,0.133660,2.060035,-0.374157
877,-0.083427,0.126536,2.182534,-0.289347,-0.074810,0.137827,2.056808,-0.334688
878,-0.094248,0.125315,2.182709,-0.250518,-0.086068,0.142071,2.061388,-0.296446
879,-0.105069,0.122871,2.183232,-0.206225,-0.081566,0.132319,2.066324,-0.254614
880,-0.115541,0.119380,2.183058,-0.160301,-0.090759,0.129149,2.068343,-0.204870
881,-0.121998,0.112748,2.183407,-0.117733,-0.092083,0.127859,2.064123,-0.168292
882,-0.127584,0.101404,2.184803,-0.064427,-0.103312,0.130052,2.062960,-0.124939
883,-0.131249,0.092153,2.183581,-0.015340,-0.115188,0.130876,2.072741,-0.068423
884,-0.134216,0.079064,2.184628,0.034706,-0.120738,0.136802,2.064166,-0.013497
885,-0.135612,0.063007,2.187421,0.079479,-0.123431,0.128003,2.086554,0.043820
886,-0.135612,0.043110,2.188119,0.129046,-0.118834,0.122663,2.095663,0.092324
887,-0.134565,0.014312,2.188119,0.182064,-0.123596,0.108880,2.108332,0.152871
888,-0.134216,-0.014661,2.184105,0.225112,-0.126292,0.093958,2.115775,0.202478
889,-0.134390,-0.051487,2.188643,0.274487,-0.120910,0.044893,2.123032,0.251964
890,-0.134216,-0.084299,2.185850,0.313411,-0.115943,0.008896,2.126013,0.303986
891,-0.132645,-0.124791,2.191261,0.358185,-0.092639,-0.083753,2.115957,0.387484
892,-0.128456,-0.162141,2.188643,0.395192,-0.090474,-0.136161,2.112731,0.439815
893,-0.123918,-0.194953,2.178345,0.427693,-0.061419,-0.202283,2.077978,0.493508
894,-0.120428,-0.220959,2.114641,0.455305,-0.061500,-0.207774,2.056806,0.541006
895,-0.118682,-0.239110,1.983218,0.476589,-0.061577,-0.222204,2.000835,0.560680
896,-0.116239,-0.249408,1.791930,0.492983,-0.062359,-0.228976,1.910292,0.587869
897,-0.113621,-0.252724,1.632406,0.504104,-0.060214,-0.248656,1.659024,0.597631
898,-0.112574,-0.252374,1.449670,0.514363,-0.062440,-0.252586,1.432024,0.607235
899,-0.113621,-0.252549,1.315804,0.521170,-0.061779,-0.259830,1.246505,0.608495
900,-0.114668,-0.252724,1.181762,0.526347,-0.063032,-0.261028,1.134497,0.615258
901,-0.114319,-0.252375,1.042311,0.532771,-0.064741,-0.256329,1.021709,0.624311
902,-0.114145,-0.250978,0.940558,0.537085,-0.065481,-0.255454,0.930342,0.622772
903,-0.114843,-0.248709,0.836187,0.540920,-0.068594,-0.267237,0.841080,0.630913
904,-0.115890,-0.243124,0.749968,0.544851,-0.072291,-0.274606,0.745732,0.637540
905,-0.115715,-0.234572,0.654673,0.548398,-0.075983,-0.231106,0.637850,0.642262
906,-0.115541,-0.224624,0.567058,0.552329,-0.078975,-0.215285,0.556442,0.645304
907,-0.115890,-0.214675,0.489739,0.555205,-0.084797,-0.201320,0.476732,0.649129
908,-0.116588,-0.201411,0.416261,0.557314,-0.087498,-0.186364,0.379465,0.650543
909,-0.117112,-0.185703,0.363901,0.557890,-0.090146,-0.178535,0.312810,0.654406
910,-0.116937,-0.164934,0.322711,0.557794,-0.094762,-0.170591,0.261806,0.654802
911,-0.116414,-0.144862,0.285711,0.557027,-0.098877,-0.156111,0.201123,0.651264
912,-0.116763,-0.127584,0.247837,0.555876,-0.101226,-0.145106,0.167145,0.652633
913,-0.116937,-0.111876,0.201411,0.554534,-0.104848,-0.135015,0.131353,0.656307
914,-0.116763,-0.101229,0.158301,0.553671,-0.109672,-0.124253,0.108102,0.665674
915,-0.116937,-0.091455,0.109781,0.552425,-0.112998,-0.112291,0.069415,0.662067
916,-0.117112,-0.083427,0.063530,0.551658,-0.116339,-0.098276,0.027736,0.658762
917,-0.117112,-0.076271,0.019373,0.551178,-0.119084,-0.086903,-0.003671,0.656086
918,-0.116937,-0.073129,-0.001571,0.551178,-0.119762,-0.077436,-0.032670,0.651790
919,-0.117112,-0.072082,-0.017279,0.551562,-0.121803,-0.067733,-0.047748,0.649970
920,-0.117112,-0.072082,-0.020246,0.551945,-0.124633,-0.059662,-0.060103,0.649632
921,-0.117112,-0.071907,-0.020421,0.552617,-0.124543,-0.062368,-0.059411,0.649355
922,-0.117112,-0.071907,-0.020595,0.553192,-0.124650,-0.059767,-0.066536,0.647395
923,-0.117112,-0.072082,-0.020595,0.553671,-0.123571,-0.062529,-0.073527,0.646081
924,-0.117112,-0.072082,-0.020595,0.554246,-0.123224,-0.064230,-0.076051,0.644884
925,-0.117112,-0.072082,-0.020769,0.554726,-0.122858,-0.066215,-0.078831,0.643771
926,-0.117112,-0.072082,-0.020769,0.555301,-0.122770,-0.069855,-0.077577,0.644106
927,-0.117112,-0.072082,-0.020944,0.555685,-0.123463,-0.073303,-0.076621,0.644390
928,-0.117112,-0.072257,-0.020944,0.556260,-0.123454,-0.075565,-0.076477,0.643921
929,-0.117112,-0.072257,-0.020944,0.556643,-0.125765,-0.074000,-0.078050,0.643872
930,-0.117112,-0.072257,-0.021119,0.556931,-0.126526,-0.073928,-0.075110,0.644520
931,-0.117112,-0.072257,-0.021293,0.557410,-0.127003,-0.073252,-0.068100,0.645409
932,-0.117112,-0.072257,-0.021293,0.557698,-0.127578,-0.070891,-0.063812,0.646171
933,-0.117112,-0.072257,-0.021468,0.557985,-0.127557,-0.071580,-0.057570,0.647253
934,-0.117112,-0.072431,-0.021293,0.558177,-0.127698,-0.069624,-0.057126,0.647662
935,-0.117286,-0.072257,-0.021467,0.558177,-0.127813,-0.068825,-0.059462,0.647923
936,-0.117286,-0.072257,-0.021642,0.558177,-0.127994,-0.067852,-0.059576,0.648289
937,-0.117286,-0.072257,-0.021642,0.558081,-0.127728,-0.069380,-0.059582,0.648552
938,-0.117286,-0.072257,-0.021817,0.558081,-0.127657,-0.067821,-0.061986,0.648454
939,-0.117286,-0.072257,-0.021991,0.558081,-0.127931,-0.065813,-0.066133,0.648531
940,-0.117286,-0.072257,-0.021991,0.558081,nan,nan,nan,nan
